250,3813,"51.45, -2.583333",England
251,3828,"-20.744222, 116.804227",Western Australia
252,3837,"52.05, -2.7166669999999997",England
253,3862,"0.0, 0.0",NULL
254,3903,"23.063655999999998, -109.70243799999999",Baja California Sur
255,3913,"54.766667000000005, -1.566667",England
256,3936,"34.690083, 135.195511",NULL
257,3944,"22.543098999999998, 114.057868",广东省
258,3962,"28.635308000000002, 77.22496",Delhi
259,3966,"0.0, 0.0",NULL
260,3989,"52.266213, -8.269886",NULL
261,4004,"0.0, 0.0",NULL
262,4016,"-27.616667, 152.76666699999998",Queensland
263,4024,"54.095, -0.208056",England
264,4057,"-37.813938, 144.963425",Victoria
265,4070,"0.0, 0.0",NULL
266,4075,"53.381724, -2.480044",England
267,4109,"18.2, -71.1",Barahona
268,4116,"3.0430610000000002, 101.440657",Selangor
269,4144,"-27.883333, 149.566667",Queensland
270,4181,"0.0, 0.0",NULL
271,4183,"54.095, -0.208056",England
272,4192,"-26.4849, 147.974197",Queensland
273,4197,"59.833335, 10.437209",NULL
274,4216,"51.9, -2.083333",England
275,4242,"51.230556, 3.6775",Oost-Vlaanderen
276,4261,"56.5, -2.9666669999999997",Scotland
277,4262,"40.527338, 19.782979",Shqipëria jugore
278,4272,"53.083332999999996, -1.266667",England
279,4282,"51.394943, -0.19446",England
280,4398,"0.0, 0.0",NULL
281,4403,"0.0, 0.0",NULL
282,4404,"19.075984, 72.877656",Maharashtra
283,4413,"59.329322999999995, 18.068581",NULL
284,4416,"0.0, 0.0",NULL
285,4426,"40.883316, 21.022195999999997",Пелагониски СР
286,4428,"-29.85868, 31.02184",KwaZulu-Natal
287,4430,"20.653407, -105.22533200000001",Jalisco
288,4435,"65.964567, 29.188827000000003",NULL
289,4447,"-34.603722999999995, -58.381593",NULL
290,4464,"35.126413, 33.429859",Κύπρος
291,4470,"50.800657, -1.9844950000000001",England
292,4478,"0.0, 0.0",NULL
293,4481,"0.0, 0.0",NULL
294,4494,"53.8, -2.233333",England
295,4503,"0.0, 0.0",NULL
296,4531,"20.588793, -100.389888",Querétaro
297,4543,"0.0, 0.0",NULL
298,4644,"40.076986, 11.343106",NULL
299,4653,"0.0, 0.0",NULL
300,4675,"53.433333, -1.35",England
301,4678,"51.9, -2.083333",England
302,4691,"54.066667, -2.833333",England
303,4700,"47.379988, 10.218726",Vorarlberg
304,4725,"53.5, -2.2166669999999997",England
305,4730,"52.370878000000005, -1.265032",England
306,4733,"53.716667, -0.333333",England
307,4742,"0.0, 0.0",NULL
308,4744,"51.916667, -0.216667",England
309,4746,"51.25, -0.766667",England
310,4766,"52.033333, -0.633333",England
311,4771,"51.394943, -0.19446",England
312,4801,"50.999041, -0.106333",England
313,4813,"23.810332, 90.412518",ঢাকা বিভাগ
314,4887,"0.0, 0.0",NULL
315,4888,"0.0, 0.0",NULL
316,4893,"54.78535, -7.47427",Northern Ireland
317,4894,"18.466667, -77.916667",NULL
318,4927,"55.766667000000005, -4.033333",Scotland
319,4944,"34.809422, 37.094260999999996",محافظة حمص
320,4957,"39.550051, -105.782067",Colorado
321,4961,"35.689488, 139.691706",NULL
322,4964,"34.772013, 32.429737",NULL
323,4994,"23.063655999999998, -109.70243799999999",Baja California Sur
324,5019,"0.0, 0.0",NULL
325,5027,"51.505833, -3.577222",Cymru / Wales
326,5069,"19.432608, -99.133208",NULL
327,5070,"25.187459, 55.405636",دبي
328,5073,"-0.95, 100.35305600000001",Sumatera Barat
329,5096,"50.395140000000005, -3.513924",England
330,5131,"52.016667, -4.8333330000000005",Cymru / Wales
331,5164,"52.466667, -1.916667",England
332,5165,"52.850951, 6.605745",Drenthe
333,5171,"51.45, -2.583333",England
334,5172,"0.0, 0.0",NULL
335,5197,"53.0, -2.183333",England
336,5203,"52.25, -0.883333",England
337,5208,"13.727896, 100.524123",กรุงเทพมหานคร
338,5231,"-34.603722999999995, -58.381593",NULL
339,5242,"53.5, -2.2166669999999997",England
340,5265,"28.635308000000002, 77.22496",Delhi
341,5322,"53.0, -2.183333",England
342,5323,"0.0, 0.0",NULL
343,5327,"54.13564, -1.527334",England
344,5333,"54.91194399999999, -1.383333",England
345,5345,"-29.85868, 31.02184",KwaZulu-Natal
346,5349,"56.5, -2.9666669999999997",Scotland
347,5351,"36.510071, -4.882447",Andalucía
348,5352,"-31.952240000000003, 115.861397",Western Australia
349,5355,"0.0, 0.0",NULL
350,5383,"37.967836, -122.332649",California
351,5387,"0.0, 0.0",NULL
352,5402,"59.91386899999999, 10.752245",NULL
353,5407,"31.554606, 74.357158",پنجاب
354,5447,"0.0, 0.0",NULL
355,5481,"0.0, 0.0",NULL
356,5486,"38.078918, 13.512364999999999",Sicilia
357,5534,"48.208174, 16.373819",NULL
358,5536,"52.366667, -1.4",England
359,5537,"7.189464, 79.858734",බස්නාහිර පළාත
360,5559,"22.572646, 88.363895",West Bengal
361,5566,"3.1390029999999998, 101.68685500000001",NULL
362,5569,"19.340018, 73.77573199999999",Maharashtra
363,5581,"58.266667000000005, 16.483333",NULL
364,5592,"49.850429999999996, -73.60517",Québec
365,5629,"55.833332999999996, -4.25",Scotland
366,5682,"52.133333, -0.45",England
367,5718,"-33.933333000000005, 147.25",New South Wales
368,5773,"50.711164000000004, -2.4411810000000003",England
369,5774,"50.711164000000004, -2.4411810000000003",England
370,5790,"36.091848999999996, 28.085665000000002",Αποκεντρωμένη Διοίκηση Αιγαίου
371,5803,"12.879721, 121.77401699999999",Romblon
372,5817,"52.730854, 5.1521930000000005",Noord-Holland
373,5825,"50.843196, 3.2347200000000003",West-Vlaanderen
374,5829,"22.804567000000002, 86.202875",Jharkhand
375,5872,"26.13, 50.555",المحافظة الجنوبية
376,5913,"14.743885, 121.067552",NULL
377,5915,"19.70595, -101.194982",Michoacán de Ocampo
378,5916,"19.70595, -101.194982",Michoacán de Ocampo
379,5917,"-33.137551, 81.826172",NULL
380,5922,"29.369721999999996, 47.978333",العاصمة
381,5926,"52.083333, -2.75",England
382,5940,"32.514947, -117.038247",Baja California
383,5942,"44.563889, 27.366111",NULL
384,6002,"0.0, 0.0",NULL
385,6006,"53.829579, -2.597118",England
386,6048,"0.0, 0.0",NULL
387,6054,"1.352083, 103.819836",NULL
388,6058,"-27.471009999999996, 153.024292",Queensland
389,6068,"41.265988, 1.602034",Catalunya
390,6082,"-32.24295, 148.604843",New South Wales
391,6088,"-23.933332999999998, 151.35",Queensland
392,6089,"-23.9475, 151.374878",Queensland
393,6125,"40.822072, 140.747365",NULL
394,6127,"57.166667000000004, -2.666667",Scotland
395,6138,"53.316667, -3.1",England
396,6159,"49.9935, 36.230383",Харківська область
397,6165,"-33.861481, 151.205475",New South Wales
398,6166,"51.514125, -0.093689",England
399,6169,"53.38333299999999, -2.6",England
400,6185,"42.20207, 25.324854000000002",NULL
401,6190,"52.355518, -1.17432",England
402,6193,"51.514125, -0.093689",England
403,6311,"53.567471, -0.08078400000000001",England
404,6318,"-24.416667, 150.5",Queensland
405,6349,"53.5, -2.2166669999999997",England
406,6453,"51.514125, -0.093689",England
407,6461,"-25.274398, 133.775136",NULL
408,6492,"48.188188000000004, 17.257228",Bratislavský kraj
409,6494,"53.5, -2.2166669999999997",England
410,6502,"51.883333, 0.9",England
411,6512,"51.514125, -0.093689",England
412,6527,"52.05, -2.7166669999999997",England
413,6538,"33.886917, 9.537499",ولاية قابس
414,6543,"0.0, 0.0",NULL
415,6549,"52.466667, -1.916667",England
416,6560,"52.355817, -7.6902550000000005",NULL
417,6588,"30.316495, 78.03219200000001",NULL
418,6598,"-33.382588, 151.354051",New South Wales
419,6634,"11.35, 77.733333",Tamil Nadu
420,6686,"28.635308000000002, 77.22496",Delhi
421,6736,"55.833332999999996, -4.25",Scotland
422,6760,"51.131258, -0.987425",England
423,6792,"0.0, 0.0",NULL
424,6817,"36.183333000000005, 5.4",Sétif ⵙⵟⵉⴼ سطيف
425,6889,"15.299326999999998, 74.12399599999999",NULL
426,6893,"43.926896, 2.146343",Occitanie
427,6901,"51.514125, -0.093689",England
428,6902,"10.666667, -61.516667000000005",NULL
429,6913,"55.833332999999996, -4.25",Scotland
430,6919,"5.976474, 116.11577700000001",Sabah
431,6924,"32.162413, 34.844675",מחוז תל אביב
432,6938,"33.325, 44.422",محافظة بغداد
433,6952,"41.805698, 123.431475",辽宁省
434,6963,"60.631811, 24.857882999999998",NULL
435,6971,"54.91194399999999, -1.383333",England
436,6996,"45.5, -73.583333",Québec
437,7001,"51.483333, 0.333333",England
438,7017,"36.019018, 129.343481",NULL
439,7029,"44.860556, 24.867778",NULL
440,7053,"50.716667, -1.166667",England
441,7082,"0.0, 0.0",NULL
442,7085,"0.0, 0.0",NULL
443,7099,"6.168561, 116.234834",Sabah
444,7106,"54.2, -5.883333",Northern Ireland
445,7149,"0.0, 0.0",NULL
446,7150,"32.110859999999995, 76.536253",Himachal Pradesh
447,7176,"-27.616667, 152.76666699999998",Queensland
448,7177,"-30.747007, 121.474861",Western Australia
449,7181,"49.186823, -2.106568",NULL
450,7196,"57.166667000000004, -2.666667",Scotland
451,7221,"0.0, 0.0",NULL
452,7254,"13.052414, 80.250825",Tamil Nadu
453,7264,"9.512017, 100.013593",จังหวัดสุราษฎร์ธานี
454,7265,"9.512017, 100.013593",จังหวัดสุราษฎร์ธานี
455,7289,"37.566534999999995, 126.97796899999999",NULL
456,7302,"54.416667000000004, -7.2",Northern Ireland
457,7308,"53.758683999999995, 10.936472",Mecklenburg-Vorpommern
458,7315,"-34.46825, 138.99766499999998",South Australia
459,7316,"19.325936, -70.816455",Santiago
460,7317,"42.657798, 21.153346",NULL
461,7328,"0.0, 0.0",NULL
462,7329,"52.466667, -1.916667",England
463,7336,"52.355084999999995, 6.659864999999999",Overijssel
464,7341,"52.355518, -1.17432",England
465,7349,"40.760670000000005, -8.708203999999999",Centro
466,7361,"0.0, 0.0",NULL
467,7362,"51.362963, 5.213639",Noord-Brabant
468,7371,"36.204824, 138.252924",NULL
469,7377,"52.8, -1.483333",England
470,7406,"34.033333, -5.0",NULL
471,7422,"50.966667, 0.1",England
472,7423,"52.3, -1.533333",England
473,7426,"50.8, -0.366667",England
474,7432,"18.918611, -99.234167",NULL
475,7490,"-37.931671, 145.440933",Victoria
476,7502,"0.0, 0.0",NULL
477,7514,"49.663613, 2.528073",Hauts-de-France
478,7536,"33.888628999999995, 35.495478999999996",محافظة بيروت
479,7540,"51.626281, 0.080647",England
480,7541,"53.416667000000004, -3.0",England
481,7544,"26.3351, 17.228331",الجفرة
482,7575,"-35.383882, -71.447192",Región del Maule
483,7577,"53.65, -1.7833330000000003",England
484,7586,"53.533333, -1.116667",England
485,7587,"-31.952240000000003, 115.861397",Western Australia
486,7603,"51.767787, 0.087806",England
487,7604,"51.586357, -2.102834",England
488,7610,"52.755637, -0.9475530000000001",England
489,7625,"53.166667000000004, -1.583333",England
490,7641,"52.794171, 7.2368369999999995",Niedersachsen
491,7650,"53.36666700000001, -1.5",England
492,7665,"-20.166667, 57.516667000000005",Port Louis
493,7708,"53.605548, -6.656417",NULL
494,7732,"7.126777000000001, 80.564677",මධ්‍යම පළාත
495,7733,"52.111000000000004, 8.9497",Nordrhein-Westfalen
496,7761,"32.068424, 34.824785",מחוז תל אביב
497,7762,"53.533333, -2.6166669999999996",England
498,7766,"10.473523, -84.01674200000001",Provincia Heredia
499,7768,"33.900128, 35.572616",محافظة جبل لبنان
500,7770,"5.976474, 116.11577700000001",Sabah
501,7797,"43.856259, 18.413076",Federacija Bosne i Hercegovine
502,7806,"57.149563, 24.860332999999997",Vidzeme
503,7815,"43.508132, 16.440193",NULL
504,7820,"5.976474, 116.11577700000001",Sabah
505,7909,"49.366667, 7.5833330000000005",Rheinland-Pfalz
506,7943,"0.0, 0.0",NULL
507,7949,"51.504286, -3.576945",Cymru / Wales
508,7951,"-31.952240000000003, 115.861397",Western Australia
509,7953,"31.952856, -102.17169399999999",Texas
510,7955,"56.11666700000001, -3.95",Scotland
511,7962,"51.433333000000005, -1.0",England
512,7964,"51.514125, -0.093689",England
513,7982,"54.91194399999999, -1.383333",England
514,7986,"59.402434, 17.946482",NULL
515,7994,"43.604652, 1.444209",Occitanie
516,8018,"53.0, -2.183333",England
517,8028,"51.517083, 0.578411",England
518,8067,"55.40375600000001, 10.40237",Region Syddanmark
519,8149,"44.086667, 26.636667",NULL
520,8167,"51.386322, 0.551438",England
521,8168,"51.386322, 0.551438",England
522,8179,"50.783333, -0.466667",England
523,8180,"0.0, 0.0",NULL
524,8182,"-34.928661, 138.598633",South Australia
525,8183,"54.95268000000001, -1.6034110000000001",England
526,8184,"52.314994, 1.661398",England
527,8189,"55.838322999999995, -3.935489",Scotland
528,8197,"0.0, 0.0",NULL
529,8203,"51.514125, -0.093689",England
530,8237,"52.966667, -1.166667",England
531,8250,"5.852036, -55.203828",Paramaribo
532,8251,"-33.652489, 115.345497",Western Australia
533,8255,"0.0, 0.0",NULL
534,8258,"51.883333, -0.516667",England
535,8259,"0.0, 0.0",NULL
536,8271,"15.783470999999999, -90.23075899999999",Alta Verapaz
537,8272,"32.162413, 34.844675",מחוז תל אביב
538,8274,"41.65, 60.3",Xorazm Viloyati
539,8285,"50.7, -3.5333330000000003",England
540,8286,"-37.822891, 147.610413",Victoria
541,8291,"-33.861481, 151.205475",New South Wales
542,8292,"34.083658, 74.797368",Jammu and Kashmir
543,8299,"53.273014, -2.7694259999999997",England
544,8304,"-33.861481, 151.205475",New South Wales
545,8315,"32.427908, 53.68804599999999",NULL
546,8325,"53.768508999999995, -2.42362",England
547,8338,"53.533333, -0.05",England
548,8343,"51.379444, -2.365556",England
549,8344,"33.729388, 73.09314599999999",NULL
550,8347,"56.11666700000001, -5.483333",Scotland
551,8357,"52.355518, -1.17432",England
552,8363,"51.25, 0.75",England
553,8364,"-33.861481, 151.205475",New South Wales
554,8367,"53.1, 9.15",Niedersachsen
555,8369,"51.633333, -3.9666669999999997",Cymru / Wales
556,8403,"53.845, -2.204",England
557,8413,"0.0, 0.0",NULL
558,8421,"53.416667000000004, -3.0",England
559,8426,"0.0, 0.0",NULL
560,8441,"0.0, 0.0",NULL
561,8448,"-35.0, 138.633333",South Australia
562,8468,"51.38847, -0.416969",England
563,8469,"19.997453, 73.78980200000001",Maharashtra
564,8470,"0.0, 0.0",NULL
565,8476,"0.0, 0.0",NULL
566,8481,"54.68715600000001, 25.279651",Vilniaus apskritis
567,8487,"-20.917574, 142.702796",Queensland
568,8488,"51.683525, -1.424906",England
569,8507,"20.653407, -105.22533200000001",Jalisco
570,8518,"5.55, -0.2",Greater Accra Region
571,8530,"40.203315, -8.410257000000001",Centro
572,8567,"53.356083, -2.212708",England
573,8573,"-15.851148, -48.958874",Goiás
574,8664,"0.0, 0.0",NULL
575,8686,"48.208174, 16.373819",NULL
576,8692,"16.054407, 108.20216699999999",NULL
577,8694,"0.0, 0.0",NULL
578,8703,"44.4325, 26.103889000000002",NULL
579,8706,"0.0, 0.0",NULL
580,8708,"53.292790000000004, -6.141937",NULL
581,8710,"0.0, 0.0",NULL
582,8718,"53.954115, -1.064262",England
583,8722,"41.318765, -73.056398",Connecticut
584,8723,"0.0, 0.0",NULL
585,8736,"-33.861481, 151.205475",New South Wales
586,8756,"53.533333, -0.05",England
587,8758,"35.296832, -93.685778",Arkansas
588,8763,"52.583332999999996, -2.1333330000000004",England
589,8778,"53.25, -1.416667",England
590,8782,"-27.471009999999996, 153.024292",Queensland
591,8785,"51.514125, -0.093689",England
592,8788,"52.355518, -1.17432",England
593,8790,"43.458858, 1.399356",Occitanie
594,8793,"31.071254999999997, 108.070097",重庆市
595,8795,"12.879721, 121.77401699999999",Romblon
596,8807,"54.766667000000005, -1.566667",England
597,8816,"18.520429999999998, 73.85674399999999",Maharashtra
598,8818,"35.051532, 24.873037",Αποκεντρωμένη Διοίκηση Κρήτης
599,8827,"53.666667000000004, -3.0",England
600,8839,"-23.550520000000002, -46.633309000000004",São Paulo
601,8872,"27.7, 85.333333",NULL
602,8890,"53.25, -2.1166669999999996",England
603,8922,"-17.383333, -66.166667",Cochabamba
604,8925,"-33.480942, 145.534348",New South Wales
605,8936,"48.601914, 5.66551",Grand Est
606,8943,"-19.924519, -43.935269",Minas Gerais
607,8951,"0.0, 0.0",NULL
608,8953,"51.733333, -2.3666669999999996",England
609,8958,"37.715348999999996, -97.409008",Kansas
610,8961,"0.0, 0.0",NULL
611,8984,"51.508515, -0.125487",England
612,8986,"53.0, -2.183333",England
613,8992,"-20.347782000000002, -40.294953",Espírito Santo
614,8995,"55.833332999999996, -3.85",Scotland
615,9002,"52.516667000000005, -3.3",Cymru / Wales
616,9003,"52.116667, -0.283333",England
617,9028,"50.950111, 5.907947",Limburg
618,9037,"0.0, 0.0",NULL
619,9041,"12.568375, 99.957689",จังหวัดประจวบคีรีขันธ์
620,9042,"-27.471009999999996, 153.024292",Queensland
621,9053,"9.916667, -68.3",Cojedes
622,9096,"52.65414499999999, -7.244788000000001",NULL
623,9098,"51.514125, -0.093689",England
624,9101,"52.63333299999999, 1.3",England
625,9103,"52.966667, -1.166667",England
626,9152,"38.964253, 121.580234",辽宁省
627,9153,"-37.813938, 144.963425",Victoria
628,9156,"38.76376, 30.540340000000004",NULL
629,9181,"51.283333, 10.6",Thüringen
630,9185,"-31.952240000000003, 115.861397",Western Australia
631,9186,"40.114719, -8.244003999999999",Centro
632,9206,"-34.443111, 116.03688799999999",Western Australia
633,9210,"-32.387878, 150.689346",New South Wales
634,9221,"10.327078, -84.435671",Provincia Alajuela
635,9231,"0.0, 0.0",NULL
636,9248,"32.514947, -117.038247",Baja California
637,9249,"23.810332, 90.412518",ঢাকা বিভাগ
638,9256,"52.664913, -1.034894",England
639,9270,"53.533333, -1.116667",England
640,9276,"39.920770000000005, 32.85411",NULL
641,9326,"60.631811, 24.857882999999998",NULL
642,9333,"56.2, -3.183333",Scotland
643,9335,"59.26756999999999, 10.407561",NULL
644,9339,"51.514125, -0.093689",England
645,9352,"51.5, -3.2",Cymru / Wales
646,9354,"13.052414, 80.250825",Tamil Nadu
647,9369,"-34.45, 138.35",South Australia
648,9371,"0.0, 0.0",NULL
649,9385,"-37.2, 144.1",Victoria
650,9389,"37.665876000000004, -91.847933",Missouri
651,9398,"42.708909999999996, 1.864656",Occitanie
652,9423,"51.514125, -0.093689",England
653,9443,"26.216666999999998, 50.583333",محافظة العاصمة
654,9471,"51.916667, -0.65",England
655,9484,"0.0, 0.0",NULL
656,9485,"-37.813938, 144.963425",Victoria
657,9509,"-25.274398, 133.775136",NULL
658,9511,"-31.952240000000003, 115.861397",Western Australia
659,9526,"32.968388, -80.051162",South Carolina
660,9532,"42.438241999999995, 23.816172",NULL
661,9564,"39.99695, -82.46993",Ohio
662,9573,"-19.135865, 146.842356",Queensland
663,9577,"54.574227, -1.234956",England
664,9581,"51.25, 0.75",England
665,9588,"-33.861481, 151.205475",New South Wales
666,9592,"51.514125, -0.093689",England
667,9595,"-34.928661, 138.598633",South Australia
668,9598,"53.166667000000004, -0.25",England
669,9613,"51.25, -1.916667",England
670,9620,"18.520429999999998, 73.85674399999999",Maharashtra
671,9621,"37.566534999999995, 126.97796899999999",NULL
672,9625,"55.617559, 9.312292",Region Syddanmark
673,9628,"-35.125771, 147.353745",New South Wales
674,9636,"55.833332999999996, -4.25",Scotland
675,9638,"-37.207279, 175.871152",Waikato
676,9641,"51.514125, -0.093689",England
677,9647,"0.0, 0.0",NULL
678,9653,"46.043248, 4.044544999999999",Auvergne-Rhône-Alpes
679,9657,"51.508515, -0.125487",England
680,9663,"52.416667, -1.7833330000000003",England
681,9674,"53.456306999999995, -2.737095",England
682,9708,"52.61666700000001, -1.6833330000000002",England
683,9709,"42.657798, 21.153346",NULL
684,9714,"34.70713, 33.022617",NULL
685,9724,"0.0, 0.0",NULL
686,9730,"52.966667, -1.8833330000000001",England
687,9750,"13.052414, 80.250825",Tamil Nadu
688,9775,"-20.725229000000002, 139.497269",Queensland
689,9796,"0.0, 0.0",NULL
690,9798,"27.917865000000003, -110.90893799999999",Sonora
691,9825,"12.52111, -69.968338",NULL
692,9839,"-14.599413, -28.673146999999997",NULL
693,9842,"-34.816666999999995, 140.216667",South Australia
694,9850,"41.123876, -8.611785000000001",Norte
695,9857,"53.610420999999995, -0.96144",England
696,9871,"-33.224584, 151.221857",New South Wales
697,9886,"7.843899, 98.29361899999999",จังหวัดภูเก็ต
698,9895,"51.127876, 1.313403",England
699,9916,"23.3441, 85.309562",Jharkhand
700,9923,"52.466667, -1.916667",England
701,9928,"-25.274398, 133.775136",NULL
702,9932,"52.466667, -1.916667",England
703,9941,"0.0, 0.0",NULL
704,9969,"28.459497, 77.026638",Haryana
705,9971,"42.697708, 23.321868",NULL
706,10008,"0.0, 0.0",NULL
707,10071,"51.934731, 1.260297",England
708,10082,"53.8, -2.233333",England
709,10097,"53.7, -2.333333",England
710,10151,"52.97894, -0.026576999999999996",England
711,10152,"52.333333, -1.583333",England
712,10156,"60.178525, 19.91561",NULL
713,10158,"53.233332999999995, -0.533333",England
714,10161,"53.479324, -2.248485",England
715,10162,"52.466667, -1.916667",England
716,10172,"52.664913, -1.034894",England
717,10233,"0.0, 0.0",NULL
718,10244,"-34.151467, 18.872973",Western Cape
719,10257,"51.5, -3.2",Cymru / Wales
720,10299,"61.92411, 25.748151",NULL
721,10325,"51.550908, -0.521463",England
722,10332,"31.164806, 35.761882",الكرك
723,10336,"50.716667, 10.0",Thüringen
724,10337,"-31.952240000000003, 115.861397",Western Australia
725,10338,"27.0, 49.666667",المنطقة الشرقية
726,10342,"0.0, 0.0",NULL
727,10358,"52.552888, -2.02208",England
728,10360,"0.0, 0.0",NULL
729,10369,"53.873712, -3.021371",England
730,10376,"52.25, -0.883333",England
731,10386,"20.671955999999998, -103.416501",Jalisco
732,10387,"51.514125, -0.093689",England
733,10388,"18.991706, -99.087069",NULL
734,10390,"53.164868000000006, -4.359065",Cymru / Wales
735,10400,"57.65, -3.333333",Scotland
736,10403,"53.230688, -0.540579",England
737,10423,"53.3, -3.3833330000000004",Cymru / Wales
738,10424,"51.514125, -0.093689",England
739,10426,"-33.933333000000005, 138.166667",South Australia
740,10436,"12.971599000000001, 77.594563",Karnataka
741,10444,"51.45, -2.583333",England
742,10445,"50.45, -3.7166669999999997",England
743,10451,"52.6, -2.0",England
744,10452,"52.77131800000001, -1.554997",England
745,10453,"52.416667, -1.55",England
746,10454,"19.432608, -99.133208",NULL
747,10463,"-38.17828, 146.260986",Victoria
748,10483,"50.716667, -1.8833330000000001",England
749,10493,"37.949888, 27.370141999999998",NULL
750,10495,"56.7438, 15.908681",NULL
751,10505,"18.201346, -67.145152",Puerto Rico
752,10512,"51.514125, -0.093689",England
753,10515,"-40.225336, 175.56748000000002",NULL
754,10517,"-27.471009999999996, 153.024292",Queensland
755,10528,"49.516667, 7.85",Rheinland-Pfalz
756,10532,"51.633333, -3.9666669999999997",Cymru / Wales
757,10537,"50.833333, -0.15",England
758,10570,"51.896892, -8.486316",NULL
759,10605,"0.0, 0.0",NULL
760,10614,"0.0, 0.0",NULL
761,10624,"52.692122999999995, 6.193719000000001",Drenthe
762,10729,"53.381129, -1.470085",England
763,10942,"40.155312, 26.41416",NULL
764,10943,"-37.136631, 142.520462",Victoria
765,10948,"41.481792999999996, 9.06108",Corse
766,10950,"-37.813938, 144.963425",Victoria
767,10954,"52.355518, -1.17432",England
768,10956,"53.7, -1.483333",England
769,10967,"0.0, 0.0",NULL
770,10968,"20.659538, -103.349438",Jalisco
771,10970,"16.8, 96.15",ရန်ကုန်တိုင်းဒေသကြီး
772,10984,"36.732719, -2.8861939999999997",Andalucía
773,10999,"20.671955999999998, -103.416501",Jalisco
774,11006,"12.971599000000001, 77.594563",Karnataka
775,11007,"53.533333, -2.8",England
776,11008,"26.498996999999996, -100.179692",Nuevo León
777,11013,"0.0, 0.0",NULL
778,11075,"0.0, 0.0",NULL
779,11093,"12.879721, 121.77401699999999",Romblon
780,11112,"-31.952240000000003, 115.861397",Western Australia
781,11131,"0.0, 0.0",NULL
782,11138,"31.866743, -116.59637099999999",Baja California
783,11183,"54.91194399999999, -1.383333",England
784,11216,"-43.532053999999995, 172.636225",Canterbury
785,11232,"52.466667, -1.916667",England
786,11233,"34.772013, 32.429737",NULL
787,11250,"50.85, -0.55",England
788,11251,"51.9, -1.15",England
789,11310,"-35.27603, 149.13435",NULL
790,11344,"46.056946999999994, 14.505751",NULL
791,11383,"55.45, -4.266667",Scotland
792,11384,"0.0, 0.0",NULL
793,11406,"56.151116, -3.8546739999999997",Scotland
794,11498,"0.0, 0.0",NULL
795,11500,"52.166667, 11.666667",Sachsen-Anhalt
796,11508,"55.641909999999996, 12.087845",Region Sjælland
797,11526,"55.61666700000001, -3.6166669999999996",Scotland
798,11536,"28.984462, 77.706414",Uttar Pradesh
799,11538,"54.91194399999999, -1.383333",England
800,11539,"54.766667000000005, -1.566667",England
801,11545,"-37.813938, 144.963425",Victoria
802,11546,"29.097274, -110.98433899999999",Sonora
803,11555,"51.921667, 4.481111",Zuid-Holland
804,11558,"50.833333, -0.15",England
805,11563,"0.0, 0.0",NULL
806,11581,"53.758683999999995, 10.936472",Mecklenburg-Vorpommern
807,11582,"27.7, 85.333333",NULL
808,11590,"52.33072, -0.905283",England
809,11638,"51.216667, -0.566667",England
810,11640,"0.0, 0.0",NULL
811,11649,"43.710173, 7.261953",Provence-Alpes-Côte d'Azur
812,11650,"51.35, 0.1",England
813,11662,"-0.95, 100.35305600000001",Sumatera Barat
814,11665,"31.686175, 76.521309",Himachal Pradesh
815,11712,"13.727896, 100.524123",กรุงเทพมหานคร
816,11737,"49.815273, 6.129583",NULL
817,11749,"26.912416999999998, 75.787288",Rajasthan
818,11758,"60.938889, 26.797221999999998",NULL
819,11778,"52.355518, -1.17432",England
820,11787,"51.514125, -0.093689",England
821,11817,"54.816667, -1.416667",England
822,11832,"51.133333, 1.3",England
823,11840,"-33.924868, 18.424055",Western Cape
824,11843,"0.0, 0.0",NULL
825,11851,"-26.093611, 28.006389000000002",Gauteng
826,11856,"52.664913, -1.034894",England
827,11867,"12.971599000000001, 77.594563",Karnataka
828,11886,"13.083735, -59.529674",NULL
829,11924,"26.216666999999998, 50.583333",محافظة العاصمة
830,11945,"11.893334, 109.17016699999999",Tỉnh Khánh Hòa
831,11947,"26.212401, 127.68093200000001",NULL
832,11950,"17.364697, 102.815892",จังหวัดอุดรธานี
833,11952,"16.054407, 108.20216699999999",NULL
834,11959,"0.0, 0.0",NULL
835,11960,"0.0, 0.0",NULL
836,11962,"22.396428, 114.10949699999999",香港 Hong Kong
837,11970,"29.557669, 34.951925",מחוז הדרום
838,11971,"1.352083, 103.819836",NULL
839,11982,"51.514125, -0.093689",England
840,11988,"0.0, 0.0",NULL
841,11993,"-16.816667000000002, 145.716667",Queensland
842,11997,"54.2, -5.883333",Northern Ireland
843,12011,"-23.550520000000002, -46.633309000000004",São Paulo
844,12012,"0.0, 0.0",NULL
845,12013,"55.40369200000001, 11.355257",Region Sjælland
846,12016,"4.8902779999999995, 114.942222",NULL
847,12019,"-36.848459999999996, 174.76333200000002",Auckland
848,12041,"-32.075542, 115.779634",Western Australia
849,12047,"-31.952240000000003, 115.861397",Western Australia
850,12069,"37.566534999999995, 126.97796899999999",NULL
851,12070,"8.275091999999999, -62.767663",Bolívar
852,12073,"-36.848459999999996, 174.76333200000002",Auckland
853,12076,"-21.115141, 55.536384",La Réunion
854,12081,"-34.551048, 146.404831",New South Wales
855,12089,"12.725493, -61.323937",NULL
856,12090,"-37.653828999999995, 145.517006",Victoria
857,12092,"0.0, 0.0",NULL
858,12106,"-35.3333, -72.4167",Región del Maule
859,12111,"0.0, 0.0",NULL
860,12112,"34.478889, -105.88194399999999",New Mexico
861,12114,"-27.471009999999996, 153.024292",Queensland
862,12115,"-27.471009999999996, 153.024292",Queensland
863,12116,"33.888628999999995, 35.495478999999996",محافظة بيروت
864,12121,"0.0, 0.0",NULL
865,12132,"32.514947, -117.038247",Baja California
866,12133,"52.216667, -0.266667",England
867,12136,"50.45, -3.5",England
868,12140,"53.36666700000001, -1.5",England
869,12146,"53.533333, -0.05",England
870,12148,"50.833333, -0.15",England
871,12164,"0.0, 0.0",NULL
872,12170,"32.666933, -16.924055",NULL
873,12172,"59.28370699999999, 5.306874",NULL
874,12177,"51.514125, -0.093689",England
875,12184,"42.581371999999995, 20.889336",NULL
876,12185,"55.833332999999996, -4.25",Scotland
877,12192,"51.683333000000005, 0.016666999999999998",England
878,12193,"25.686614000000002, -100.316113",Nuevo León
879,12194,"40.203315, -8.410257000000001",Centro
880,12198,"51.514125, -0.093689",England
881,12199,"25.686614000000002, -100.316113",Nuevo León
882,12204,"-27.56056, 151.953857",Queensland
883,12208,"0.0, 0.0",NULL
884,12209,"0.0, 0.0",NULL
885,12212,"0.0, 0.0",NULL
886,12217,"50.999280999999996, -4.399824",England
887,12232,"20.653407, -105.22533200000001",Jalisco
888,12239,"-23.666466, 27.744829",Limpopo
889,12241,"14.537752, 121.001379",NULL
890,12245,"54.8575, -5.80986",Northern Ireland
891,12246,"51.608139, 0.10079",England
892,12252,"31.866743, -116.59637099999999",Baja California
893,12257,"51.8, -0.2",England
894,12265,"-31.952240000000003, 115.861397",Western Australia
895,12271,"53.283333, -2.9",England
896,12275,"-33.469120000000004, -70.641997",Región Metropolitana de Santiago
897,12276,"53.36666700000001, -1.5",England
898,12281,"15.865535000000001, -97.069447",Oaxaca
899,12294,"9.16572, 76.50322800000001",Kerala
900,12298,"47.498101, 18.744806",NULL
901,12300,"54.341291000000005, -5.748485",Northern Ireland
902,12304,"52.933333, 12.8",Brandenburg
903,12306,"27.92022, -15.547437",NULL
904,12307,"4.8902779999999995, 114.942222",NULL
905,12308,"49.601944, 8.471944",Hessen
906,12314,"51.5, -3.2",Cymru / Wales
907,12315,"50.9, -1.4",England
908,12320,"49.45, 7.533333",Rheinland-Pfalz
909,12324,"51.514125, -0.093689",England
910,12325,"51.514125, -0.093689",England
911,12327,"15.865535000000001, -97.069447",Oaxaca
912,12328,"0.0, 0.0",NULL
913,12331,"50.6, -1.9666669999999997",England
914,12333,"51.383333, -0.1",England
915,12334,"49.945898, 7.779277",Rheinland-Pfalz
916,12338,"53.36666700000001, -1.5",England
917,12341,"51.778432, 5.934799",Gelderland
918,12344,"54.184523, -2.720037",England
919,12345,"10.315699, 123.88543700000001",NULL
920,12369,"51.514125, -0.093689",England
921,12370,"52.664913, -1.034894",England
922,12371,"54.787715000000006, -6.4923150000000005",Northern Ireland
923,12372,"56.25, -4.25",Scotland
924,12375,"52.6, -2.0",England
925,12377,"52.333333, -2.066667",England
926,12381,"54.827268999999994, -7.463578999999999",Northern Ireland
927,12384,"54.2, -5.883333",Northern Ireland
928,12386,"51.75, -2.2",England
929,12388,"52.527666, -1.348303",England
930,12396,"19.951944, -99.53277800000001",Estado de México
931,12397,"0.0, 0.0",NULL
932,12400,"0.0, 0.0",NULL
933,12401,"55.833332999999996, -4.25",Scotland
934,12420,"10.666667, -61.516667000000005",NULL
935,12421,"35.898909, 14.514553",Xlokk
936,12432,"-33.833333, 151.083333",New South Wales
937,12433,"22.396428, 114.10949699999999",香港 Hong Kong
938,12438,"52.355084999999995, 6.659864999999999",Overijssel
939,12455,"0.0, 0.0",NULL
940,12489,"18.268306, -78.34724200000001",NULL
941,12495,"-18.1416, 178.4419",Central
942,12506,"-26.71453, 27.097047999999997",North West
943,12518,"55.833332999999996, -3.083333",Scotland
944,12526,"52.63333299999999, 1.3",England
945,12531,"18.473833, -66.938512",Puerto Rico
946,12532,"-27.522349, 153.191323",Queensland
947,12534,"48.736277, 19.146192000000003",Banskobystrický kraj
948,12556,"0.0, 0.0",NULL
949,12558,"51.133333, -0.983333",England
950,12574,"52.966667, -1.8833330000000001",England
951,12576,"51.514125, -0.093689",England
952,12652,"0.0, 0.0",NULL
953,12696,"14.058323999999999, 108.277199",Tỉnh Gia Lai
954,12714,"27.0, 49.666667",المنطقة الشرقية
955,12719,"22.572646, 88.363895",West Bengal
956,12721,"32.854228000000006, -83.591491",Georgia
957,12734,"53.333332999999996, -3.083333",England
958,12742,"-37.813938, 144.963425",Victoria
959,12743,"0.0, 0.0",NULL
960,12750,"50.633889, -4.364444000000001",England
961,12775,"0.0, 0.0",NULL
962,12805,"9.512017, 100.013593",จังหวัดสุราษฎร์ธานี
963,12811,"51.831863, 4.13181",Zuid-Holland
964,12817,"0.0, 0.0",NULL
965,12822,"16.863611, -99.8825",Guerrero
966,12823,"-16.92304, 145.766251",Queensland
967,12825,"51.833333, 0.583333",England
968,12832,"-37.813938, 144.963425",Victoria
969,12842,"39.90403, 116.407526",北京市
970,12864,"55.3, -2.25",England
971,12882,"52.983332999999995, -0.016666999999999998",England
972,12918,"0.0, 0.0",NULL
973,12968,"67.25918399999999, 15.391632000000001",NULL
974,12978,"0.0, 0.0",NULL
975,12981,"0.0, 0.0",NULL
976,12991,"59.997175, 23.651446",NULL
977,13001,"51.514125, -0.093689",England
978,13018,"53.3, -3.3833330000000004",Cymru / Wales
979,13031,"53.800755, -1.549077",England
980,13041,"29.9833, 75.3833",Punjab
981,13082,"-17.268641, 145.47522",Queensland
982,13090,"19.02317, -98.623841",Puebla
983,13112,"0.0, 0.0",NULL
984,13129,"34.553128, 18.048011",NULL
985,13150,"-31.961729, 141.459976",New South Wales
986,13154,"-34.928661, 138.598633",South Australia
987,13167,"52.22917, 5.1668970000000005",Noord-Holland
988,13172,"51.616667, 0.416667",England
989,13183,"-33.861481, 151.205475",New South Wales
990,13184,"-36.2, 146.966667",Victoria
991,13191,"50.855638, 0.5525770000000001",England
992,13192,"51.514125, -0.093689",England
993,13220,"25.357522, 55.391865",NULL
994,13222,"37.566534999999995, 126.97796899999999",NULL
995,13223,"0.0, 0.0",NULL
996,13241,"51.921667, 4.481111",Zuid-Holland
997,13242,"-35.27603, 149.13435",NULL
998,13243,"14.579444, 121.035917",NULL
999,13246,"22.412222, -83.671944",Pinar del Río
1000,13251,"50.8, 0.23333299999999998",England
1001,13274,"51.416667, 0.116667",England
1002,13299,"0.0, 0.0",NULL
1003,13315,"0.0, 0.0",NULL
1004,13322,"53.416667000000004, -3.0",England
1005,13330,"63.333332999999996, -90.7",ᓄᓇᕗᑦ Nunavut
1006,13333,"51.514125, -0.093689",England
1007,13374,"-19.015438, 29.154857",Midlands
1008,13391,"48.145891999999996, 17.107136999999998",Bratislavský kraj
1009,13392,"19.70595, -101.194982",Michoacán de Ocampo
1010,13447,"0.0, 0.0",NULL
1011,13486,"49.500881, 5.986093",NULL
1012,13503,"55.61666700000001, -3.516667",Scotland
1013,13534,"52.814028, -1.6371360000000001",England
1014,13566,"0.0, 0.0",NULL
1015,13571,"-28.868483, 153.560001",New South Wales
1016,13573,"-34.424, 150.893448",New South Wales
1017,13584,"-35.27603, 149.13435",NULL
1018,13588,"53.8, -2.233333",England
1019,13614,"52.016667, -4.8333330000000005",Cymru / Wales
1020,13638,"50.854957, 3.127457",West-Vlaanderen
1021,13644,"48.852845, 1.874855",Île-de-France
1022,13648,"52.355518, -1.17432",England
1023,13668,"52.966667, -1.166667",England
1024,13678,"50.793209000000004, -0.005174",England
1025,13679,"51.75, -1.25",England
1026,13680,"55.54857, -2.786139",Scotland
1027,13681,"12.971599000000001, 77.594563",Karnataka
1028,13686,"29.311659999999996, 47.481766",الجهراء
1029,13691,"53.416667000000004, -3.0",England
1030,13695,"0.0, 0.0",NULL
1031,13709,"40.43495, 49.867622999999995",Abşeron
1032,13723,"-33.924868, 18.424055",Western Cape
1033,13774,"-0.589724, 101.343106",Riau
1034,13775,"19.181739, -88.479138",Quintana Roo
1035,13778,"55.833332999999996, -4.25",Scotland
1036,13787,"0.0, 0.0",NULL
1037,13797,"51.833333, 0.583333",England
1038,13822,"0.0, 0.0",NULL
1039,13829,"-40.900557, 174.88597099999998",Wellington
1040,13844,"-37.813938, 144.963425",Victoria
1041,13850,"50.837165, 4.663337",Vlaams-Brabant
1042,13855,"12.879721, 121.77401699999999",Romblon
1043,13857,"0.0, 0.0",NULL
1044,13874,"20.653407, -105.22533200000001",Jalisco
1045,13888,"-33.513633, 151.335513",New South Wales
1046,13895,"30.438101, 75.70516500000001",Punjab
1047,13899,"54.2, -5.883333",Northern Ireland
1048,13913,"53.873712, -3.021371",England
1049,13925,"52.833332999999996, -2.0",England
1050,13928,"-18.1416, 178.4419",Central
1051,13993,"0.0, 0.0",NULL
1052,13997,"55.833332999999996, -4.25",Scotland
1053,13999,"-0.023559, 37.906193",Meru
1054,14039,"-37.813938, 144.963425",Victoria
1055,14040,"51.5, -0.583333",England
1056,14044,"51.899603000000006, -1.15359",England
1057,14050,"53.5, -2.2166669999999997",England
1058,14055,"26.144517, 91.736237",NULL
1059,14088,"56.11666700000001, -3.166667",Scotland
1060,14094,"51.514125, -0.093689",England
1061,14095,"28.635308000000002, 77.22496",Delhi
1062,14105,"0.0, 0.0",NULL
1063,14154,"20.629559, -87.073885",Quintana Roo
1064,14155,"0.0, 0.0",NULL
1065,14221,"69.085278, 17.172222",NULL
1066,14222,"-34.928661, 138.598633",South Australia
1067,14223,"-31.952240000000003, 115.861397",Western Australia
1068,14226,"-35.27603, 149.13435",NULL
1069,14227,"-23.697479, 133.883621",NULL
1070,14239,"51.733333, 0.483333",England
1071,14249,"32.354668, -89.398528",Mississippi
1072,14284,"51.514125, -0.093689",England
1073,14296,"52.63333299999999, 1.3",England
1074,14299,"52.966667, -1.166667",England
1075,14306,"51.916667, -0.216667",England
1076,14322,"45.442254, 16.276858999999998",NULL
1077,14325,"25.047664, 55.181741",دبي
1078,14347,"53.525932999999995, -7.338138000000001",NULL
1079,14349,"37.91441, 40.230629",NULL
1080,14371,"0.0, 0.0",NULL
1081,14379,"20.296059, 85.82454",Odisha
1082,14381,"25.082252, -77.268263",NULL
1083,14398,"60.375551, 6.142884",NULL
1084,14409,"-37.2, 143.95",Victoria
1085,14434,"26.266666999999998, 50.15",المنطقة الشرقية
1086,14435,"50.833333, -1.233333",England
1087,14436,"53.166667000000004, -1.583333",England
1088,14448,"21.161908, -86.851528",Quintana Roo
1089,14457,"52.355518, -1.17432",England
1090,14475,"53.333332999999996, -3.833333",Cymru / Wales
1091,14483,"-25.289619000000002, 152.830916",Queensland
1092,14484,"21.0167, 75.5667",Maharashtra
1093,14491,"57.166667000000004, -2.666667",Scotland
1094,14508,"52.664913, -1.034894",England
1095,14541,"-29.85868, 31.02184",KwaZulu-Natal
1096,14559,"0.0, 0.0",NULL
1097,14596,"0.0, 0.0",NULL
1098,14598,"13.171641000000001, 78.693053",Andhra Pradesh
1099,14609,"64.96305100000001, -19.020835",NULL
1100,14610,"52.167603, 22.290164",województwo mazowieckie
1101,14618,"51.514125, -0.093689",England
1102,14626,"51.927751, 0.024258000000000002",England
1103,14638,"51.883333, -0.516667",England
1104,14642,"53.41291, -8.243889999999999",NULL
1105,14654,"53.5, -2.2166669999999997",England
1106,14655,"52.683333, -1.8166669999999998",England
1107,14682,"13.135745000000002, 78.132561",Karnataka
1108,14685,"52.0, -0.5",England
1109,14710,"0.0, 0.0",NULL
1110,14711,"-20.917574, 142.702796",Queensland
1111,14713,"-27.471009999999996, 153.024292",Queensland
1112,14716,"51.133333, -0.983333",England
1113,14722,"-23.697479, 133.883621",NULL
1114,14724,"37.566534999999995, 126.97796899999999",NULL
1115,14778,"34.772013, 32.429737",NULL
1116,14790,"52.92253, -1.4746190000000001",England
1117,14793,"51.189721999999996, -2.547222",England
1118,14811,"-31.952240000000003, 115.861397",Western Australia
1119,14840,"-9.445638, 159.9729",Honiara
1120,14842,"0.0, 0.0",NULL
1121,14844,"44.4325, 26.103889000000002",NULL
1122,14856,"53.268083, -3.7935",Cymru / Wales
1123,14927,"24.466667, 54.36666700000001",أبو ظبي
1124,14937,"-20.725229000000002, 139.497269",Queensland
1125,14940,"51.985103, 5.8987300000000005",Gelderland
1126,14989,"0.0, 0.0",NULL
1127,15004,"28.635308000000002, 77.22496",Delhi
1128,15049,"-33.65, 115.03333300000001",Western Australia
1129,15074,"51.266667, 1.083333",England
1130,15106,"53.36666700000001, -1.5",England
1131,15108,"52.333333, -0.183333",England
1132,15109,"51.068785, -1.794472",England
1133,15116,"52.355518, -1.17432",England
1134,15141,"18.427445000000002, -67.15406999999999",Puerto Rico
1135,15146,"33.93911, 67.709953",ولایت غزنی
1136,15158,"0.0, 0.0",NULL
1137,15162,"25.357522, 55.391865",NULL
1138,15181,"-37.979858, -57.589794",Buenos Aires
1139,15263,"41.319664, 16.283821",Puglia
1140,15266,"19.075984, 72.877656",Maharashtra
1141,15267,"52.966667, -1.166667",England
1142,15329,"17.295085999999998, 78.503606",Telangana
1143,15353,"28.459497, 77.026638",Haryana
1144,15396,"18.520429999999998, 73.85674399999999",Maharashtra
1145,15404,"52.154738, -0.701378",England
1146,15407,"50.716667, 10.0",Thüringen
1147,15436,"53.007732, -1.4334120000000001",England
1148,15441,"24.861462, 67.009939",سندھ
1149,15444,"44.820555999999996, 20.462222",Централна Србија
1150,15457,"-27.471009999999996, 153.024292",Queensland
1151,15458,"55.783333, -4.0",Scotland
1152,15470,"53.36666700000001, -1.5",England
1153,15476,"-37.813938, 144.963425",Victoria
1154,15503,"0.0, 0.0",NULL
1155,15526,"18.318899, -64.61106",NULL
1156,15536,"53.416667000000004, -3.0",England
1157,15537,"50.396389, -4.138611",England
1158,15592,"18.399722, -66.05",Puerto Rico
1159,15601,"52.466667, -1.916667",England
1160,15655,"50.8, -0.5",England
1161,15688,"27.46449, -82.67254799999999",Florida
1162,15698,"0.0, 0.0",NULL
1163,15707,"53.166667000000004, -0.25",England
1164,15736,"53.5, -2.2166669999999997",England
1165,15768,"25.686614000000002, -100.316113",Nuevo León
1166,15810,"3.1390029999999998, 101.68685500000001",NULL
1167,15827,"39.75, 39.5",NULL
1168,15829,"-30.709529999999997, 150.041214",New South Wales
1169,15830,"0.0, 0.0",NULL
1170,15835,"51.716667, -5.033333",Cymru / Wales
1171,15839,"42.013372, 24.878439",NULL
1172,15866,"-6.314993, 143.95555",Southern Highlands
1173,15883,"-36.848459999999996, 174.76333200000002",Auckland
1174,15904,"50.396389, -4.138611",England
1175,15908,"52.25, -0.883333",England
1176,15921,"-34.928661, 138.598633",South Australia
1177,15932,"-34.603722999999995, -58.381593",NULL
1178,15933,"53.5, -2.2166669999999997",England
1179,15939,"51.416667, -1.7166669999999997",England
1180,15942,"-27.471009999999996, 153.024292",Queensland
1181,15945,"4.62977, -74.13401",NULL
1182,15964,"53.166667000000004, -1.0",England
1183,15965,"12.971599000000001, 77.594563",Karnataka
1184,15971,"49.145922, 0.22784899999999997",Normandie
1185,15975,"51.516667, -1.7833330000000003",England
1186,15976,"51.516667, -1.7833330000000003",England
1187,15977,"51.633333, -3.9666669999999997",Cymru / Wales
1188,15979,"53.533333, -0.05",England
1189,15981,"51.516667, -1.7833330000000003",England
1190,15985,"52.416667, -1.55",England
1191,15986,"52.416667, -1.55",England
1192,15990,"-28.000290000000003, 153.430878",Queensland
1193,16003,"40.640063, 22.944419",Αποκεντρωμένη Διοίκηση Μακεδονίας - Θράκης
1194,16044,"51.514125, -0.093689",England
1195,16080,"0.0, 0.0",NULL
1196,16092,"13.728, -60.95399999999999",Vieux Fort
1197,16096,"53.333332999999996, -3.083333",England
1198,16099,"46.100278, 19.665556",Војводина
1199,16110,"53.533333, -1.116667",England
1200,16118,"-25.746111, 28.188056",Gauteng
1201,16131,"53.166667000000004, -2.583333",England
1202,16169,"51.416667, -0.75",England
1203,16178,"-35.27603, 149.13435",NULL
1204,16188,"0.0, 0.0",NULL
1205,16194,"19.075984, 72.877656",Maharashtra
1206,16201,"0.0, 0.0",NULL
1207,16205,"35.443708, 139.638026",NULL
1208,16212,"40.583346999999996, -4.127044000000001",Comunidad de Madrid
1209,16221,"45.070312, 7.686856",Piemonte
1210,16224,"18.220833, -66.590149",Puerto Rico
1211,16243,"-35.27603, 149.13435",NULL
1212,16246,"-14.599413, -28.673146999999997",NULL
1213,16253,"-25.274398, 133.775136",NULL
1214,16265,"29.843009000000002, -95.17787299999999",Texas
1215,16269,"0.0, 0.0",NULL
1216,16270,"-27.471009999999996, 153.024292",Queensland
1217,16315,"51.666667, 0.283333",England
1218,16319,"-37.813938, 144.963425",Victoria
1219,16340,"51.903760999999996, -0.19661199999999998",England
1220,16353,"-33.093373, 151.58898200000002",New South Wales
1221,16354,"24.861462, 67.009939",سندھ
1222,16360,"57.65, -3.333333",Scotland
1223,16365,"55.833332999999996, -4.25",Scotland
1224,16366,"53.36666700000001, -1.5",England
1225,16382,"51.514125, -0.093689",England
1226,16388,"30.198381, 71.468703",پنجاب
1227,16398,"50.794995, -1.1175469999999998",England
1228,16412,"-33.86013, 121.88259099999999",Western Australia
1229,16416,"0.0, 0.0",NULL
1230,16417,"53.65, -1.7833330000000003",England
1231,16418,"0.0, 0.0",NULL
1232,16431,"-26.899363, 152.956306",Queensland
1233,16432,"51.883333, -0.516667",England
1234,16441,"-34.603722999999995, -58.381593",NULL
1235,16445,"12.971599000000001, 77.594563",Karnataka
1236,16446,"12.971599000000001, 77.594563",Karnataka
1237,16455,"-37.813938, 144.963425",Victoria
1238,16456,"-37.483333, 144.98333300000002",Victoria
1239,16496,"51.571148, 8.105754",Nordrhein-Westfalen
1240,16501,"-36.848459999999996, 174.76333200000002",Auckland
1241,16504,"-27.08465, 152.951096",Queensland
1242,16514,"52.954783, -1.158109",England
1243,16520,"-6.388877, 106.830069",Jawa Barat
1244,16523,"51.26, -2.1875",England
1245,16524,"53.25, -1.416667",England
1246,16527,"54.988285, -3.8577839999999997",Scotland
1247,16533,"43.901816, 1.896506",Occitanie
1248,16554,"36.34, 43.13",محافظة نینوى
1249,16564,"53.248472, -2.50897",England
1250,16569,"-33.861481, 151.205475",New South Wales
1251,16581,"27.7, 85.333333",NULL
1252,16593,"4.175278, 73.508889",NULL
1253,16617,"52.466667, -1.916667",England
1254,16625,"52.664913, -1.034894",England
1255,16626,"14.351875, 120.931505",Cavite
1256,16627,"51.833333, -4.1666669999999995",Cymru / Wales
1257,16631,"51.55, 0.166667",England
1258,16633,"54.236107, -4.548056",NULL
1259,16646,"-43.532053999999995, 172.636225",Canterbury
1260,16651,"28.196673999999998, -16.762351000000002",NULL
1261,16654,"52.35, -2.266667",England
1262,16703,"49.57245, 5.99505",NULL
1263,16729,"51.514125, -0.093689",England
1264,16752,"52.63333299999999, 1.3",England
1265,16814,"29.311659999999996, 47.481766",الجهراء
1266,16828,"51.379444, -2.365556",England
1267,16860,"6.839722, 79.875833",බස්නාහිර පළාත
1268,16864,"27.915817999999998, 34.32995",جنوب سيناء
1269,16875,"14.083332999999998, -87.216667",Francisco Morazán
1270,16879,"36.510071, -4.882447",Andalucía
1271,16905,"51.550501000000004, -0.304841",England
1272,16945,"-33.861481, 151.205475",New South Wales
1273,16952,"53.41291, -8.243889999999999",NULL
1274,16961,"55.833332999999996, -4.25",Scotland
1275,16996,"-25.282197, -57.6351",NULL
1276,16999,"0.0, 0.0",NULL
1277,17000,"18.220833, -66.590149",Puerto Rico
1278,17023,"-22.932382, -42.486684000000004",Rio de Janeiro
1279,17034,"53.816667, -3.05",England
1280,17048,"-31.952240000000003, 115.861397",Western Australia
1281,17077,"0.0, 0.0",NULL
1282,17122,"52.166667, -2.166667",England
1283,17191,"0.0, 0.0",NULL
1284,17195,"-36.848459999999996, 174.76333200000002",Auckland
1285,17198,"51.676111, -4.156667",Cymru / Wales
1286,17202,"33.223191, 43.679291",محافظة الأنبار
1287,17205,"34.690083, 135.195511",NULL
1288,17211,"-33.861481, 151.205475",New South Wales
1289,17221,"3.090607, 101.529597",Selangor
1290,17226,"34.8, 48.516667",استان همدان
1291,17258,"53.8, -1.583333",England
1292,17262,"53.800755, -1.549077",England
1293,17278,"53.697931000000004, -2.695478",England
1294,17292,"-33.861481, 151.205475",New South Wales
1295,17293,"53.766667000000005, -2.35",England
1296,17295,"1.537886, 103.66087399999999",Johor
1297,17309,"52.666667000000004, -2.75",England
1298,17317,"32.514947, -117.038247",Baja California
1299,17331,"52.947601, 6.623059",Drenthe
1300,17338,"60.173324, 24.941025",NULL
1301,17376,"58.595271999999994, 25.013607",NULL
1302,17425,"19.033049, 73.029662",Maharashtra
1303,17436,"51.647222, -3.1369439999999997",Cymru / Wales
1304,17454,"51.5, -0.416667",England
1305,17461,"47.168107, 11.861811999999999",Tirol
1306,17502,"7.341063, 134.47716",NULL
1307,17508,"3.1390029999999998, 101.68685500000001",NULL
1308,17512,"39.575158, 2.653674",Illes Balears
1309,17590,"23.61, 58.54",مسقط
1310,17594,"-18.0, 178.0",Central
1311,17613,"-43.383032, 172.656958",Canterbury
1312,17656,"52.355518, -1.17432",England
1313,17745,"33.729388, 73.09314599999999",NULL
1314,17765,"20.422984, -86.92234300000001",Quintana Roo
1315,17804,"0.0, 0.0",NULL
1316,17826,"-7.119496000000001, -34.845012",Paraíba
1317,17829,"-21.170401000000002, -47.810324",São Paulo
1318,17849,"27.477936, -99.549573",Tamaulipas
1319,17859,"-14.599413, -28.673146999999997",NULL
1320,17887,"52.466667, -1.916667",England
1321,17898,"-36.848459999999996, 174.76333200000002",Auckland
1322,17900,"-12.45722, 130.836639",NULL
1323,17904,"5.278611, 100.3875",Pulau Pinang
1324,17920,"0.0, 0.0",NULL
1325,17923,"10.315699, 123.88543700000001",NULL
1326,18009,"41.156689, -8.623925",Norte
1327,18025,"53.416667000000004, -3.0",England
1328,18034,"0.0, 0.0",NULL
1329,18036,"0.0, 0.0",NULL
1330,18084,"21.161908, -86.851528",Quintana Roo
1331,18088,"-22.9083, -43.197077",Rio de Janeiro
1332,18116,"51.683333000000005, -0.166667",England
1333,18125,"51.5, -0.583333",England
1334,18128,"57.166667000000004, -2.666667",Scotland
1335,18132,"52.63333299999999, 1.3",England
1336,18151,"20.653407, -105.22533200000001",Jalisco
1337,18154,"36.083143, 138.777376",NULL
1338,18163,"51.732136, -0.023451",England
1339,18165,"-37.813938, 144.963425",Victoria
1340,18194,"53.36666700000001, -1.5",England
1341,18198,"53.13333299999999, 0.35",England
1342,18208,"22.890532999999998, -109.91673700000001",Baja California Sur
1343,18220,"-29.31, 27.48",Maseru District
1344,18230,"45.943160999999996, 24.96676",NULL
1345,18253,"52.766667000000005, -1.9333330000000002",England
1346,18257,"-33.4244, 151.34399399999998",New South Wales
1347,18299,"50.4501, 30.5234",Київська міська громада
1348,18300,"50.4501, 30.5234",Київська міська громада
1349,18313,"1.352083, 103.819836",NULL
1350,18319,"-38.153461, 144.358093",Victoria
1351,18329,"51.611667, -2.5125",England
1352,18331,"0.0, 0.0",NULL
1353,18371,"0.0, 0.0",NULL
1354,18376,"56.11666700000001, -3.166667",Scotland
1355,18386,"32.514947, -117.038247",Baja California
1356,18472,"9.977844000000001, -84.829421",Provincia Puntarenas
1357,18480,"53.916667000000004, -3.0",England
1358,18481,"-24.957777, -53.459511",Paraná
1359,18482,"-33.924868, 18.424055",Western Cape
1360,18483,"31.451190999999998, 35.383571",מחוז הדרום
1361,18485,"52.583332999999996, -2.1333330000000004",England
1362,18498,"-28.64201, 153.61193799999998",New South Wales
1363,18512,"-33.417358, 149.581284",New South Wales
1364,18516,"51.060853, 0.165894",England
1365,18532,"54.766667000000005, -1.566667",England
1366,18541,"51.933333000000005, 1.216667",England
1367,18543,"48.61645, 19.136023",Banskobystrický kraj
1368,18566,"0.0, 0.0",NULL
1369,18570,"4.61175, 101.113506",Perak
1370,18571,"57.2, -5.966667",Scotland
1371,18591,"55.611567, -4.669636",Scotland
1372,18601,"6.573475, 3.3225629999999997",Lagos
1373,18605,"54.2, -3.266667",England
1374,18606,"14.083332999999998, -87.216667",Francisco Morazán
1375,18612,"43.708795, -79.387626",Ontario
1376,18636,"-37.979858, -57.589794",Buenos Aires
1377,18653,"53.213147, -3.1338310000000003",Cymru / Wales
1378,18663,"-33.861481, 151.205475",New South Wales
1379,18669,"49.447778, 11.068333",Bayern
1380,18675,"52.355518, -1.17432",England
1381,18688,"-25.274398, 133.775136",NULL
1382,18689,"52.586214, -1.9829189999999999",England
1383,18700,"-33.469120000000004, -70.641997",Región Metropolitana de Santiago
1384,18701,"-36.848459999999996, 174.76333200000002",Auckland
1385,18703,"9.931233, 76.26730400000001",Kerala
1386,18719,"17.439193, -99.545097",Guerrero
1387,18737,"52.388596, -2.249684",England
1388,18749,"0.0, 0.0",NULL
1389,18792,"56.2, -3.0",Scotland
1390,18802,"57.322858, -4.424382",Scotland
1391,18804,"52.664913, -1.034894",England
1392,18807,"0.0, 0.0",NULL
1393,18844,"30.733315, 76.779418",Chandigarh
1394,18862,"51.45, -2.583333",England
1395,18884,"52.466667, -1.916667",England
1396,18885,"56.333332999999996, -2.7833330000000003",Scotland
1397,18901,"52.9, -0.633333",England
1398,18904,"47.36865, 8.539183",Zürich
1399,18909,"54.166667000000004, -1.5",England
1400,18910,"56.153128, 10.106763",Region Midtjylland
1401,18911,"-33.861481, 151.205475",New South Wales
1402,18914,"53.8, -1.583333",England
1403,18917,"51.5, -3.2",Cymru / Wales
1404,18959,"52.466667, -1.916667",England
1405,18961,"52.466667, -1.916667",England
1406,18962,"53.533333, -1.116667",England
1407,18963,"52.466667, -1.916667",England
1408,18973,"29.311659999999996, 47.481766",الجهراء
1409,18976,"45.583333, -72.0",Québec
1410,19016,"0.0, 0.0",NULL
1411,19024,"54.766667000000005, -1.566667",England
1412,19045,"53.1, -2.433333",England
1413,19083,"26.092222, -98.277778",Tamaulipas
1414,19085,"69.753158, 18.466054",NULL
1415,19087,"-37.584888, 141.40296899999998",Victoria
1416,19090,"-33.137551, 81.826172",NULL
1417,19091,"-22.9083, -43.197077",Rio de Janeiro
1418,19101,"52.6, -2.0",England
1419,19115,"0.0, 0.0",NULL
1420,19118,"53.795984, -1.759398",England
1421,19133,"0.0, 0.0",NULL
1422,19134,"10.157931, -67.99721",Carabobo
1423,19141,"0.0, 0.0",NULL
1424,19150,"34.533056, 69.166111",ولایت كابل
1425,19156,"-35.100276, 173.780279",NULL
1426,19166,"23.236110999999998, -106.415278",Sinaloa
1427,19203,"51.05, -0.333333",England
1428,19231,"38.932515, 28.290665999999998",NULL
1429,19244,"-37.813938, 144.963425",Victoria
1430,19259,"49.992862, 8.247253",Rheinland-Pfalz
1431,19276,"22.079625, 82.13914100000001",Chhattisgarh
1432,19301,"0.0, 0.0",NULL
1433,19302,"33.338196, 43.596973",محافظة الأنبار
1434,19303,"-38.457087, 144.107208",Victoria
1435,19306,"56.01274599999999, 92.922361",Красноярский край
1436,19313,"53.145, -1.67",England
1437,19318,"53.4, -0.683333",England
1438,19322,"32.624539, -115.452262",Baja California
1439,19325,"56.01274599999999, 92.922361",Красноярский край
1440,19336,"0.0, 0.0",NULL
1441,19344,"53.766667000000005, -2.35",England
1442,19354,"53.4, -3.0333330000000003",England
1443,19361,"52.966667, -1.166667",England
1444,19367,"52.373702, -2.602164",England
1445,19369,"18.335765, -64.896335",United States Virgin Islands
1446,19397,"1.5309760000000001, 110.34421999999999",Sarawak
1447,19401,"52.97894, -0.026576999999999996",England
1448,19416,"0.0, 0.0",NULL
1449,19422,"60.173324, 24.941025",NULL
1450,19448,"37.566534999999995, 126.97796899999999",NULL
1451,19452,"7.873054, 80.77179699999999",මධ්‍යම පළාත
1452,19454,"10.477464999999999, -84.58068100000001",Provincia Alajuela
1453,19458,"53.888996, -2.633778",England
1454,19466,"47.991597999999996, 12.9566",Salzburg
1455,19469,"20.653407, -105.22533200000001",Jalisco
1456,19477,"12.879721, 121.77401699999999",Romblon
1457,19479,"52.355518, -1.17432",England
1458,19525,"0.0, 0.0",NULL
1459,19533,"-34.424, 150.893448",New South Wales
1460,19537,"-8.783195, -124.508523",NULL
1461,19543,"50.516667, -3.75",England
1462,19545,"0.0, 0.0",NULL
1463,19561,"54.88333299999999, -2.933333",England
1464,19564,"55.40375600000001, 10.40237",Region Syddanmark
1465,19565,"51.083333, -3.0",England
1466,19566,"52.295255, 5.160424",Noord-Holland
1467,19567,"51.266667, 0.516667",England
1468,19569,"23.885942, 45.079162",منطقة الرياض
1469,19571,"43.263013, -2.9349849999999997",Euskadi
1470,19581,"53.35918, -0.9630200000000001",England
1471,19593,"34.760856, 135.785833",NULL
1472,19606,"55.86666700000001, -4.033333",Scotland
1473,19610,"55.86666700000001, -4.033333",Scotland
1474,19641,"17.425638, 78.533244",Telangana
1475,19642,"53.5, -2.2166669999999997",England
1476,19645,"28.0512, -16.709685",NULL
1477,19658,"59.91386899999999, 10.752245",NULL
1478,19659,"54.8575, -5.80986",Northern Ireland
1479,19666,"52.27131, -9.699932",NULL
1480,19675,"51.45, -2.583333",England
1481,19709,"-1.292066, 36.821946000000004",Nairobi
1482,19730,"18.466667, -77.916667",NULL
1483,19746,"50.516667, -3.75",England
1484,19766,"52.318362, 1.273321",England
1485,19767,"51.95, 1.3",England
1486,19769,"51.5, -3.2",Cymru / Wales
1487,19770,"-14.599413, -28.673146999999997",NULL
1488,19785,"51.628347, 0.814539",England
1489,19823,"60.173324, 24.941025",NULL
1490,19838,"23.838804999999997, 78.73780699999999",Madhya Pradesh
1491,19839,"13.727896, 100.524123",กรุงเทพมหานคร
1492,19868,"53.283333, -2.9",England
1493,19880,"22.308085000000002, 69.600603",Gujarat
1494,19888,"0.0, 0.0",NULL
1495,19891,"50.885488, 4.4709970000000006",Vlaams-Brabant
1496,19937,"-0.95, 100.35305600000001",Sumatera Barat
1497,19953,"12.136389, -86.251389",Departamento de Managua
1498,19977,"-35.003101, 117.86595200000001",Western Australia
1499,19985,"33.533333, -7.5833330000000005",NULL
1500,19992,"-33.419544, 149.60509",New South Wales
1501,20003,"52.016667, -4.8333330000000005",Cymru / Wales
1502,20024,"0.0, 0.0",NULL
1503,20028,"0.0, 0.0",NULL
1504,20072,"0.0, 0.0",NULL
1505,20075,"51.514125, -0.093689",England
1506,20078,"53.5, -2.2166669999999997",England
1507,20102,"21.460278, -71.141389",NULL
1508,20109,"-27.471009999999996, 153.024292",Queensland
1509,20122,"-36.848459999999996, 174.76333200000002",Auckland
1510,20123,"56.11666700000001, -3.95",Scotland
1511,20134,"14.058323999999999, 108.277199",Tỉnh Gia Lai
1512,20136,"0.0, 0.0",NULL
1513,20145,"-42.400816999999996, 173.681386",Canterbury
1514,20150,"-33.469120000000004, -70.641997",Región Metropolitana de Santiago
1515,20155,"38.392978, 21.834873","Αποκεντρωμένη Διοίκηση Πελοποννήσου, Δυτικής Ελλάδας και Ιονίου"
1516,20156,"4.860416000000001, -58.93018000000001",Potaro-Siparuni
1517,20164,"-35.117329999999995, 173.267559",NULL
1518,20207,"51.516667, 14.016667000000002",Brandenburg
1519,20212,"51.896892, -8.486316",NULL
1520,20227,"13.899560999999999, 100.582564",กรุงเทพมหานคร
1521,20235,"53.41291, -8.243889999999999",NULL
1522,20242,"55.378051, -3.435973",Scotland
1523,20247,"-26.797090999999998, 153.13771100000002",Queensland
1524,20256,"-25.274398, 133.775136",NULL
1525,20259,"59.91386899999999, 10.752245",NULL
1526,20261,"0.0, 0.0",NULL
1527,20265,"5.664394000000001, 100.901578",Kedah
1528,20273,"51.883333, -0.516667",England
1529,20274,"52.416667, -1.55",England
1530,20282,"18.466667, -77.916667",NULL
1531,20285,"50.71505, -1.987248",England
1532,20289,"32.0853, 34.781768",מחוז תל אביב
1533,20292,"54.287222, -0.414167",England
1534,20297,"34.693738, 135.502165",NULL
1535,20303,"0.0, 0.0",NULL
1536,20315,"53.045665, -2.196734",England
1537,20334,"51.514125, -0.093689",England
1538,20343,"33.1, 44.583333",محافظة بغداد
1539,20347,"53.166667000000004, -1.583333",England
1540,20352,"-34.928661, 138.598633",South Australia
1541,20360,"-13.163587, -72.545861",Cusco
1542,20365,"50.733333, -2.9666669999999997",England
1543,20370,"0.0, 0.0",NULL
1544,20388,"53.7, -2.4666669999999997",England
1545,20397,"56.11666700000001, -3.95",Scotland
1546,20416,"-19.266389999999998, 146.805695",Queensland
1547,20417,"17.385044, 78.486671",Telangana
1548,20424,"51.433333000000005, 0.366667",England
1549,20455,"0.0, 0.0",NULL
1550,20457,"-30.954166999999998, 19.448332999999998",Northern Cape
1551,20469,"-3.7318620000000005, -38.52667",Ceará
1552,20477,"-29.46278, 149.841568",New South Wales
1553,20482,"-23.550520000000002, -46.633309000000004",São Paulo
1554,20530,"20.659699, -103.349609",Jalisco
1555,20550,"33.888628999999995, 35.495478999999996",محافظة بيروت
1556,20553,"31.069419, 35.033363",מחוז הדרום
1557,20574,"-14.599413, -28.673146999999997",NULL
1558,20577,"38.066666999999995, 46.3",استان آذربایجان شرقی
1559,20635,"59.329322999999995, 18.068581",NULL
1560,20636,"-2.170998, -79.922359",NULL
1561,20652,"51.366667, -0.483333",England
1562,20656,"51.197148, -0.604529",England
1563,20662,"52.63333299999999, -1.45",England
1564,20692,"52.481138, 1.7534490000000003",England
1565,20708,"34.202831, -4.936391",NULL
1566,20711,"28.620123, 77.093858",Delhi
1567,20762,"0.0, 0.0",NULL
1568,20767,"53.9, 27.566667",NULL
1569,20768,"52.75649, 0.400174",England
1570,20787,"51.514125, -0.093689",England
1571,20795,"15.898499, -90.658333",Alta Verapaz
1572,20809,"51.216667, 6.266667",Nordrhein-Westfalen
1573,20810,"0.0, 0.0",NULL
1574,20811,"-39.492844, 176.912018",NULL
1575,20820,"21.126110999999998, -75.829444",Holguín
1576,20846,"54.25, -1.066667",England
1577,20862,"0.0, 0.0",NULL
1578,20872,"25.357522, 55.391865",NULL
1579,20882,"0.0, 0.0",NULL
1580,20884,"-14.599413, -28.673146999999997",NULL
1581,20895,"10.5, -66.916667",Distrito Capital
1582,20896,"10.5, -66.916667",Distrito Capital
1583,20901,"0.0, 0.0",NULL
1584,20907,"14.306694, 121.01373000000001",Cavite
1585,20943,"18.399722, -66.05",Puerto Rico
1586,20956,"51.514125, -0.093689",England
1587,20957,"51.766667, -3.766667",Cymru / Wales
1588,20968,"-27.471009999999996, 153.024292",Queensland
1589,20974,"43.604652, 1.444209",Occitanie
1590,20977,"50.833333, -0.15",England
1591,20978,"29.311659999999996, 47.481766",الجهراء
1592,20987,"52.466667, -1.916667",England
1593,20994,"33.93911, 67.709953",ولایت غزنی
1594,21006,"32.624539, -115.452262",Baja California
1595,21008,"10.5, -66.916667",Distrito Capital
1596,21023,"-25.746111, 28.188056",Gauteng
1597,21053,"-0.95, 100.35305600000001",Sumatera Barat
1598,21066,"36.204824, 138.252924",NULL
1599,21068,"0.0, 0.0",NULL
1600,21077,"-33.861481, 151.205475",New South Wales
1601,21081,"39.019184, 25.268555",NULL
1602,21083,"9.916667, -68.3",Cojedes
1603,21107,"-33.861481, 151.205475",New South Wales
1604,21119,"40.43495, 49.867622999999995",Abşeron
1605,21126,"-27.655829999999998, 151.855316",Queensland
1606,21148,"15.870032, 100.992541",จังหวัดเพชรบูรณ์
1607,21167,"52.416667, -1.7833330000000003",England
1608,21174,"0.0, 0.0",NULL
1609,21178,"33.386013, -112.612416",Arizona
1610,21189,"52.612821999999994, -1.200912",England
1611,21200,"52.966667, -1.166667",England
1612,21206,"54.91194399999999, -1.383333",England
1613,21227,"50.9, -103.85",Saskatchewan
1614,21244,"53.283333, -3.25",Cymru / Wales
1615,21252,"-31.952240000000003, 115.861397",Western Australia
1616,21253,"26.846511, 80.946683",Uttar Pradesh
1617,21259,"0.0, 0.0",NULL
1618,21265,"20.359906, -89.768383",Yucatán
1619,21271,"19.432608, -99.133208",NULL
1620,21274,"0.0, 0.0",NULL
1621,21282,"0.0, 0.0",NULL
1622,21285,"-33.895489000000005, 148.16438300000002",New South Wales
1623,21287,"0.0, 0.0",NULL
1624,21296,"60.128161, 18.643501",NULL
1625,21297,"48.963476, 2.347354",Île-de-France
1626,21303,"60.128161, 18.643501",NULL
1627,21310,"53.333332999999996, -1.9833330000000002",England
1628,21319,"-19.470757, -42.548012",Minas Gerais
1629,21328,"53.5, -2.2166669999999997",England
1630,21353,"21.161908, -86.851528",Quintana Roo
1631,21354,"53.416667000000004, -3.0",England
1632,21355,"53.4, -2.15",England
1633,21359,"33.892814, 35.511221",محافظة بيروت
1634,21372,"48.00611, 0.19955599999999998",Pays de la Loire
1635,21375,"50.983333, -0.1",England
1636,21376,"-30.559482, 22.937506",Northern Cape
1637,21398,"2.998611, -75.30444399999999",Huila
1638,21408,"9.931233, 76.26730400000001",Kerala
1639,21428,"35.696111, 51.423056",NULL
1640,21429,"0.0, 0.0",NULL
1641,21444,"-34.033333, 24.916667",Eastern Cape
1642,21450,"-29.906301000000003, -71.25020400000001",Región de Coquimbo
1643,21476,"-36.074940000000005, 146.923935",New South Wales
1644,21483,"43.263013, -2.9349849999999997",Euskadi
1645,21496,"0.0, 0.0",NULL
1646,21500,"0.0, 0.0",NULL
1647,21503,"53.452889, -2.63508",England
1648,21506,"-31.952240000000003, 115.861397",Western Australia
1649,21507,"-31.952240000000003, 115.861397",Western Australia
1650,21519,"30.733315, 76.779418",Chandigarh
1651,21524,"0.0, 0.0",NULL
1652,21529,"51.2, 6.683333",Nordrhein-Westfalen
1653,21544,"-43.532053999999995, 172.636225",Canterbury
1654,21622,"19.876165, 75.343314",Maharashtra
1655,21632,"52.664913, -1.034894",England
1656,21633,"53.5, -2.2166669999999997",England
1657,21634,"0.0, 0.0",NULL
1658,21641,"0.0, 0.0",NULL
1659,21645,"-33.924868, 18.424055",Western Cape
1660,21648,"4.461933999999999, 101.166062",Perak
1661,21667,"52.483332999999995, -0.466667",England
1662,21684,"9.931233, 76.26730400000001",Kerala
1663,21687,"25.790466000000002, -108.985882",Sinaloa
1664,21688,"20.211944, -87.46583299999999",Quintana Roo
1665,21695,"53.416667000000004, -3.0",England
1666,21699,"-37.649871999999995, 142.34393300000002",Victoria
1667,21700,"52.05, 8.483333",Nordrhein-Westfalen
1668,21726,"51.833333, -2.166667",England
1669,21731,"20.653407, -105.22533200000001",Jalisco
1670,21739,"32.299953, -64.86740999999999",NULL
1671,21751,"51.129721999999994, -3.000556",England
1672,21756,"51.274103000000004, 5.576351",Noord-Brabant
1673,21761,"18.069623, -96.12431099999999",Oaxaca
1674,21781,"40.070393, -2.137416",Castilla-La Mancha
1675,21811,"-37.813938, 144.963425",Victoria
1676,21816,"6.839722, 79.875833",බස්නාහිර පළාත
1677,21826,"-37.813938, 144.963425",Victoria
1678,21839,"37.566534999999995, 126.97796899999999",NULL
1679,21841,"45.483333, -75.65",Québec
1680,21876,"-26.866667, 26.666666999999997",North West
1681,21917,"62.278648, 12.340171",NULL
1682,21923,"53.219384, 6.566502000000001",Groningen
1683,21927,"9.748917, -83.753428",Provincia Cartago
1684,21944,"29.591768, 52.583698",استان فارس
1685,21949,"0.0, 0.0",NULL
1686,21956,"55.833332999999996, -3.083333",Scotland
1687,21961,"51.833333, -2.166667",England
1688,21967,"39.575158, 2.653674",Illes Balears
1689,21968,"17.712475, -64.881535",United States Virgin Islands
1690,21971,"52.466667, -1.916667",England
1691,21973,"51.75, -1.25",England
1692,21980,"-38.153461, 144.358093",Victoria
1693,21982,"32.975, -89.38",Mississippi
1694,21983,"0.0, 0.0",NULL
1695,21984,"51.153662, -0.182063",England
1696,22003,"53.333332999999996, 0.25",England
1697,22005,"-6.6, 106.8",Jawa Barat
1698,22008,"53.55, -2.1166669999999996",England
1699,22013,"50.702803, 14.801027",Severovýchod
1700,22024,"-0.95, 100.35305600000001",Sumatera Barat
1701,22034,"64.836711, 14.082748",NULL
1702,22081,"-16.92304, 145.766251",Queensland
1703,22095,"0.0, 0.0",NULL
1704,22108,"40.416775, -3.70379",Comunidad de Madrid
1705,22110,"-33.861481, 151.205475",New South Wales
1706,22122,"-36.610178999999995, -56.696392",Buenos Aires
1707,22153,"52.166667, -2.166667",England
1708,22154,"52.466667, -1.916667",England
1709,22166,"23.063655999999998, -109.70243799999999",Baja California Sur
1710,22187,"51.95, 1.3",England
1711,22190,"55.004721999999994, -1.4727780000000001",England
1712,22202,"53.666667000000004, -3.0",England
1713,22223,"53.433333, -1.35",England
1714,22237,"26.912416999999998, 75.787288",Rajasthan
1715,22246,"0.0, 0.0",NULL
1716,22251,"64.133333, -21.933332999999998",NULL
1717,22279,"14.083332999999998, -87.216667",Francisco Morazán
1718,22287,"-33.469120000000004, -70.641997",Región Metropolitana de Santiago
1719,22290,"0.0, 0.0",NULL
1720,22296,"0.0, 0.0",NULL
1721,22301,"-23.550520000000002, -46.633309000000004",São Paulo
1722,22307,"7.8804479999999995, 98.39225",จังหวัดภูเก็ต
1723,22308,"52.3, -1.116667",England
1724,22316,"-32.15, 116.0",Western Australia
1725,22326,"42.230537, -83.74664",Michigan
1726,22328,"52.516667000000005, 13.4",Berlin
1727,22329,"52.154461, -9.566863",NULL
1728,22335,"9.977844000000001, -84.829421",Provincia Puntarenas
1729,22338,"21.161908, -86.851528",Quintana Roo
1730,22339,"53.533333, -1.116667",England
1731,22345,"-36.634444, 174.74223",Auckland
1732,22353,"-33.861481, 151.205475",New South Wales
1733,22354,"-34.477501000000004, 150.42039499999998",New South Wales
1734,22363,"25.686614000000002, -100.316113",Nuevo León
1735,22408,"52.399539000000004, 0.262363",England
1736,22409,"64.227056, 27.728601",NULL
1737,22411,"55.8, -4.066667",Scotland
1738,22417,"51.379444, -2.365556",England
1739,22418,"54.85, -1.833333",England
1740,22419,"-36.848459999999996, 174.76333200000002",Auckland
1741,22421,"55.933333, -4.75",Scotland
1742,22422,"55.833332999999996, -4.25",Scotland
1743,22440,"-25.746111, 28.188056",Gauteng
1744,22475,"43.624076, 6.694103",Provence-Alpes-Côte d'Azur
1745,22476,"56.663444999999996, 16.356779",NULL
1746,22491,"10.639484, -61.409989",Tunapuna-Piarco
1747,22515,"50.35, -3.583333",England
1748,22523,"-32.366464, 115.755576",Western Australia
1749,22524,"0.0, 0.0",NULL
1750,22556,"25.686614000000002, -100.316113",Nuevo León
1751,22557,"32.514947, -117.038247",Baja California
1752,22566,"-33.932103999999995, 18.860152",Western Cape
1753,22573,"35.443708, 139.638026",NULL
1754,22579,"22.890532999999998, -109.91673700000001",Baja California Sur
1755,22583,"-33.469120000000004, -70.641997",Región Metropolitana de Santiago
1756,22587,"51.514125, -0.093689",England
1757,22593,"54.983332999999995, -2.433333",England
1758,22605,"19.173494, -98.34443900000001",Puebla
1759,22606,"8.96096, -68.301144",Cojedes
1760,22623,"-34.928661, 138.598633",South Australia
1761,22624,"54.686111, -1.2125",England
1762,22626,"51.514125, -0.093689",England
1763,22631,"0.0, 0.0",NULL
1764,22647,"-34.891281, 137.459394",South Australia
1765,22653,"29.945690999999997, 78.164248",NULL
1766,22662,"51.05, -0.333333",England
1767,22663,"22.986419, 72.635522",Gujarat
1768,22666,"0.0, 0.0",NULL
1769,22668,"51.0046, -2.198083",England
1770,22669,"6.524379, 3.379206",Lagos
1771,22679,"0.0, 0.0",NULL
1772,22681,"-36.358459, 146.320557",Victoria
1773,22682,"-33.924868, 18.424055",Western Cape
1774,22687,"52.574738, -1.323133",England
1775,22690,"52.244384000000004, 0.716356",England
1776,22693,"52.65, 0.683333",England
1777,22695,"52.355518, -1.17432",England
1778,22696,"52.552888, -2.02208",England
1779,22698,"51.514125, -0.093689",England
1780,22700,"51.4, -1.2",England
1781,22702,"51.021111, -3.104722",England
1782,22704,"56.333332999999996, -2.7833330000000003",Scotland
1783,22712,"52.466667, -1.916667",England
1784,22713,"50.9, -1.4",England
1785,22719,"0.0, 0.0",NULL
1786,22720,"52.416667, -1.55",England
1787,22723,"55.833332999999996, -4.25",Scotland
1788,22724,"52.966667, -1.166667",England
1789,22725,"-35.280668, 174.091034",NULL
1790,22729,"-26.699167, 27.835556",Gauteng
1791,22740,"20.296059, 85.82454",Odisha
1792,22774,"52.766667000000005, -1.55",England
1793,22779,"52.333333, -0.533333",England
1794,22785,"-28.780728000000003, 32.038286",KwaZulu-Natal
1795,22787,"57.216667, -2.7",Scotland
1796,22844,"0.0, 0.0",NULL
1797,22846,"47.433333000000005, 11.25",Bayern
1798,22854,"31.554606, 74.357158",پنجاب
1799,22869,"-27.56056, 151.953857",Queensland
1800,22886,"51.514125, -0.093689",England
1801,22887,"53.5, -2.2166669999999997",England
1802,22908,"11.016845, 76.955832",Tamil Nadu
1803,22913,"16.414106, 99.771069",จังหวัดกำแพงเพชร
1804,22918,"20.5333, 76.1833",Maharashtra
1805,22924,"35.466667, 44.316666999999995",محافظة كركوك / پارێزگای کەرکووک
1806,22926,"55.833332999999996, -4.25",Scotland
1807,22931,"50.466667, 7.733333",Rheinland-Pfalz
1808,22935,"-9.649849, -35.708949",Alagoas
1809,22938,"51.833333, -2.166667",England
1810,22941,"51.433333000000005, -1.0",England
1811,22951,"52.133333, -0.45",England
1812,22952,"12.971599000000001, 77.594563",Karnataka
1813,22953,"56.5, -2.9666669999999997",Scotland
1814,22954,"48.464717, 35.046183",Дніпропетровська область
1815,22961,"-39.492844, 176.912018",NULL
1816,22986,"45.899246999999995, 6.129384",Auvergne-Rhône-Alpes
1817,22989,"0.0, 0.0",NULL
1818,23006,"-33.861481, 151.205475",New South Wales
1819,23017,"52.12785, 1.435047",England
1820,23019,"0.0, 0.0",NULL
1821,23020,"0.0, 0.0",NULL
1822,23021,"-23.119252, 150.745403",Queensland
1823,23027,"-43.532053999999995, 172.636225",Canterbury
1824,23037,"57.05003000000001, -3.036649",Scotland
1825,23039,"53.8, -1.583333",England
1826,23043,"0.0, 0.0",NULL
1827,23054,"52.785804000000006, 6.897585",Drenthe
1828,23085,"52.5, -3.0",England
1829,23092,"53.716667, -0.333333",England
1830,23093,"50.9, -1.4",England
1831,23108,"0.0, 0.0",NULL
1832,23121,"0.0, 0.0",NULL
1833,23131,"6.8432759999999995, 80.00318299999999",බස්නාහිර පළාත
1834,23182,"0.0, 0.0",NULL
1835,23195,"5.976474, 116.11577700000001",Sabah
1836,23215,"0.0, 0.0",NULL
1837,23218,"53.0, -2.183333",England
1838,23224,"0.0, 0.0",NULL
1839,23240,"32.434046, 34.919652",מחוז חיפה
1840,23245,"53.888996, -2.633778",England
1841,23249,"21.161908, -86.851528",Quintana Roo
1842,23255,"18.533333, -68.366667",La Altagracia
1843,23259,"29.311659999999996, 47.481766",الجهراء
1844,23266,"52.966667, -1.166667",England
1845,23270,"0.0, 0.0",NULL
1846,23278,"53.983332999999995, -1.533333",England
1847,23283,"52.466667, -1.916667",England
1848,23289,"55.86666700000001, -3.6333330000000004",Scotland
1849,23295,"0.0, 0.0",NULL
1850,23296,"22.318567, 114.179606",香港 Hong Kong
1851,23350,"53.983332999999995, -1.533333",England
1852,23371,"53.716667, -1.85",England
1853,23377,"0.0, 0.0",NULL
1854,23385,"22.396428, 114.10949699999999",香港 Hong Kong
1855,23411,"50.883, 4.83927",Vlaams-Brabant
1856,23422,"53.416667000000004, -3.0",England
1857,23423,"52.355518, -1.17432",England
1858,23431,"-33.861481, 151.205475",New South Wales
1859,23438,"-27.471009999999996, 153.024292",Queensland
1860,23440,"51.514125, -0.093689",England
1861,23442,"-25.285, 152.873",Queensland
1862,23452,"53.083332999999996, -1.266667",England
1863,23456,"50.916667, -0.083333",England
1864,23478,"56.11666700000001, -5.483333",Scotland
1865,23487,"54.572778, -1.162778",England
1866,23492,"0.0, 0.0",NULL
1867,23521,"0.0, 0.0",NULL
1868,23546,"51.341158, -0.825203",England
1869,23547,"0.0, 0.0",NULL
1870,23569,"0.0, 0.0",NULL
1871,23583,"51.514125, -0.093689",England
1872,23584,"0.0, 0.0",NULL
1873,23592,"-23.568135, 140.679376",Queensland
1874,23603,"-35.003101, 117.86595200000001",Western Australia
1875,23627,"53.508131000000006, -2.164444",England
1876,23628,"9.498067, 76.338848",Kerala
1877,23634,"44.509309, 6.46814",Provence-Alpes-Côte d'Azur
1878,23639,"50.8, -0.533333",England
1879,23640,"0.0, 0.0",NULL
1880,23641,"0.0, 0.0",NULL
1881,23669,"-29.85868, 31.02184",KwaZulu-Natal
1882,23679,"37.263573, 127.028601",NULL
1883,23692,"0.0, 0.0",NULL
1884,23732,"0.0, 0.0",NULL
1885,23735,"0.0, 0.0",NULL
1886,23738,"0.0, 0.0",NULL
1887,23739,"12.52111, -69.968338",NULL
1888,23740,"10.605, -66.894444",La Guaira
1889,23744,"3.420556, -76.522222",Valle del Cauca
1890,23755,"-28.000290000000003, 153.430878",Queensland
1891,23756,"0.0, 0.0",NULL
1892,23758,"-33.861481, 151.205475",New South Wales
1893,23759,"-33.093373, 151.58898200000002",New South Wales
1894,23766,"0.0, 0.0",NULL
1895,23774,"53.8, -1.583333",England
1896,23781,"0.0, 0.0",NULL
1897,23797,"0.0, 0.0",NULL
1898,23812,"51.883333, -0.516667",England
1899,23816,"0.0, 0.0",NULL
1900,23817,"0.0, 0.0",NULL
1901,23818,"-25.860278, 28.189444",Gauteng
1902,23819,"-33.469120000000004, -70.641997",Región Metropolitana de Santiago
1903,23824,"32.692651, -114.627692",Arizona
1904,23826,"-34.787690999999995, 138.65493",South Australia
1905,23827,"20.966044, -89.627433",Yucatán
1906,23845,"14.65073, 121.102855",NULL
1907,23848,"51.25, -0.766667",England
1908,23855,"52.156110999999996, 5.387827",Utrecht
1909,23862,"-30.034646999999996, -51.217658",Rio Grande do Sul
1910,23869,"54.29368, -6.37523",Northern Ireland
1911,23881,"51.514125, -0.093689",England
1912,23886,"51.516667, -1.7833330000000003",England
1913,23890,"55.533333, -4.6666669999999995",Scotland
1914,23891,"53.25, -2.1166669999999996",England
1915,23892,"-33.75, -61.965641000000005",Santa Fe
1916,23899,"50.783333, -0.466667",England
1917,23906,"59.284073, 11.109403",NULL
1918,23975,"-31.955858000000003, 141.465136",New South Wales
1919,23993,"25.091075, 121.55983400000001",NULL
1920,24004,"-26.18694, 28.546670000000002",Mpumalanga
1921,24017,"53.433333, -1.35",England
1922,24019,"44.173333, 28.638333000000003",NULL
1923,24035,"55.55, -3.85",Scotland
1924,24044,"0.0, 0.0",NULL
1925,24066,"14.083332999999998, -87.216667",Francisco Morazán
1926,24070,"0.0, 0.0",NULL
1927,24082,"11.96735, 121.92475900000001",Aklan
1928,24145,"53.9, 27.566667",NULL
1929,24148,"-37.813938, 144.963425",Victoria
1930,24157,"57.653034999999996, 14.696725",NULL
1931,24198,"0.0, 0.0",NULL
1932,24209,"50.833333, -1.6",England
1933,24215,"49.3, 10.583333",Bayern
1934,24229,"55.1793, -6.71575",Northern Ireland
1935,24231,"51.922607, 4.2545660000000005",Zuid-Holland
1936,24233,"52.583332999999996, -2.1333330000000004",England
1937,24240,"-37.813938, 144.963425",Victoria
1938,24241,"52.233333, -3.3833330000000004",Cymru / Wales
1939,24251,"3.1390029999999998, 101.68685500000001",NULL
1940,24264,"52.355518, -1.17432",England
1941,24273,"43.411359999999995, -106.280024",Wyoming
1942,24301,"33.338196, 43.596973",محافظة الأنبار
1943,24307,"58.445168, 26.560121999999996",NULL
1944,24315,"51.816666999999995, -0.8",England
1945,24317,"28.635308000000002, 77.22496",Delhi
1946,24358,"44.495205, 34.166301000000004",NULL
1947,24373,"0.0, 0.0",NULL
1948,24376,"53.5, -2.2166669999999997",England
1949,24395,"0.0, 0.0",NULL
1950,24403,"0.0, 0.0",NULL
1951,24405,"18.331343, -64.79375",United States Virgin Islands
1952,24418,"53.324061, -3.827609",Cymru / Wales
1953,24419,"52.583332999999996, -1.8833330000000001",England
1954,24424,"51.666667, -1.283333",England
1955,24445,"31.230415999999998, 121.473701",NULL
1956,24446,"0.0, 0.0",NULL
1957,24464,"51.0, -3.183333",England
1958,24465,"51.0, -3.183333",England
1959,24505,"30.316495, 78.03219200000001",NULL
1960,24506,"0.0, 0.0",NULL
1961,24532,"53.716667, -0.333333",England
1962,24533,"53.8, -2.233333",England
1963,24537,"22.233104, -97.861099",Tamaulipas
1964,24545,"34.014975, 71.58049",خیبر پښتونخوا
1965,24556,"55.833332999999996, -4.25",Scotland
1966,24558,"31.230415999999998, 121.473701",NULL
1967,24561,"53.716667, -0.333333",England
1968,24575,"6.927078999999999, 79.861243",බස්නාහිර පළාත
1969,24577,"25.686614000000002, -100.316113",Nuevo León
1970,24583,"51.4, -0.35",England
1971,24593,"-33.861481, 151.205475",New South Wales
1972,24594,"53.0, -2.183333",England
1973,24604,"51.133333, 1.3",England
1974,24606,"0.0, 0.0",NULL
1975,24615,"51.514125, -0.093689",England
1976,24627,"-8.047546, -34.876962",Pernambuco
1977,24628,"-38.153461, 144.358093",Victoria
1978,24631,"52.664913, -1.034894",England
1979,24633,"-36.620090000000005, 142.46676599999998",Victoria
1980,24648,"-31.952240000000003, 115.861397",Western Australia
1981,24676,"6.235925, -75.575137",Antioquia
1982,24704,"51.691111, -4.836389",Cymru / Wales
1983,24735,"20.388794, 78.120407",Maharashtra
1984,24736,"56.505635, 21.011906",Kurzeme
1985,24743,"51.733333, -1.9833330000000002",England
1986,24748,"-27.614093, 152.75847199999998",Queensland
1987,24757,"52.63333299999999, 1.3",England
1988,24760,"35.443708, 139.638026",NULL
1989,24768,"30.013056, 31.208853",NULL
1990,24774,"52.566667, -0.666667",England
1991,24778,"25.686614000000002, -100.316113",Nuevo León
1992,24792,"20.7333, 77.0",Maharashtra
1993,24794,"49.4, 7.433333",Rheinland-Pfalz
1994,24840,"-0.95, 100.35305600000001",Sumatera Barat
1995,24853,"0.0, 0.0",NULL
1996,24854,"0.0, 0.0",NULL
1997,24874,"26.212401, 127.68093200000001",NULL
1998,24886,"51.864245000000004, -2.238156",England
1999,24903,"10.466263, -66.61688199999999",Miranda
2000,24912,"20.299546, -103.263441",Jalisco
2001,24913,"19.195096, -100.132673",Estado de México
2002,24940,"0.0, 0.0",NULL
2003,24941,"0.0, 0.0",NULL
2004,24948,"46.341547, 2.601991",Auvergne-Rhône-Alpes
2005,24950,"50.666667, -1.333333",England
2006,24968,"53.13333299999999, -1.2",England
2007,24981,"49.680278, 8.616111",Hessen
2008,24995,"-35.387899, 174.013869",NULL
2009,25006,"48.439549, -123.32639499999999",British Columbia
2010,25011,"42.874722, 74.612222",NULL
2011,25020,"17.189877, -88.49765",Belize District
2012,25026,"52.037774, -1.4257600000000001",England
2013,25032,"0.0, 0.0",NULL
2014,25052,"52.355518, -1.17432",England
2015,25095,"-20.2167, -70.142223",Región de Tarapacá
2016,25108,"50.396389, -4.138611",England
2017,25109,"31.298886, 120.58531599999999",江苏省
2018,25110,"62.797056999999995, 7.645556",NULL
2019,25115,"18.46, -70.74",Azua
2020,25120,"51.45, -2.583333",England
2021,25135,"41.330975, 1.922643",Catalunya
2022,25136,"41.385064, 2.173403",Catalunya
2023,25143,"1.46343, 103.754715",Johor
2024,25149,"4.570868, -74.297333",Cundinamarca
2025,25151,"3.107094, 101.608255",Selangor
2026,25202,"5.976474, 116.11577700000001",Sabah
2027,25220,"-0.95, 100.35305600000001",Sumatera Barat
2028,25228,"-17.955379, 122.23921999999999",Western Australia
2029,25232,"-31.952240000000003, 115.861397",Western Australia
2030,25263,"13.193887, -59.543198",NULL
2031,25267,"0.0, 0.0",NULL
2032,25269,"24.466667, 54.36666700000001",أبو ظبي
2033,25271,"-32.927792, 151.78448500000002",New South Wales
2034,25272,"-33.861481, 151.205475",New South Wales
2035,25281,"53.4, -3.0333330000000003",England
2036,25289,"58.012599, 11.616904",NULL
2037,25301,"-23.550520000000002, -46.633309000000004",São Paulo
2038,25313,"54.91194399999999, -1.383333",England
2039,25316,"0.0, 0.0",NULL
2040,25322,"54.88333299999999, -2.933333",England
2041,25327,"53.416667000000004, -3.0",England
2042,25328,"53.354779, 83.76978299999999",Алтайский край
2043,25329,"53.354779, 83.76978299999999",Алтайский край
2044,25335,"-33.861481, 151.205475",New South Wales
2045,25356,"-25.274398, 133.775136",NULL
2046,25357,"51.966667, 7.633333",Nordrhein-Westfalen
2047,25361,"53.292790000000004, -6.141937",NULL
2048,25365,"-37.833333, 145.0",Victoria
2049,25386,"34.70713, 33.022617",NULL
2050,25391,"33.325, 44.422",محافظة بغداد
2051,25405,"0.0, 0.0",NULL
2052,25407,"19.432608, -99.133208",NULL
2053,25414,"52.666667000000004, -2.75",England
2054,25416,"31.147130999999998, 75.34121800000001",Punjab
2055,25428,"43.3, 21.9",Централна Србија
2056,25453,"51.266667, -1.083333",England
2057,25455,"-33.822345, 151.00933899999998",New South Wales
2058,25472,"50.93781, 4.040952",Oost-Vlaanderen
2059,25478,"26.912416999999998, 75.787288",Rajasthan
2060,25483,"42.697708, 23.321868",NULL
2061,25511,"10.850516, 76.27108299999999",Kerala
2062,25531,"39.575158, 2.653674",Illes Balears
2063,25547,"20.653407, -105.22533200000001",Jalisco
2064,25596,"56.11666700000001, -3.8",Scotland
2065,25614,"57.032755, -3.106968",Scotland
2066,25615,"38.584329, -108.07309599999999",Colorado
2067,25618,"-33.861481, 151.205475",New South Wales
2068,25619,"31.230415999999998, 121.473701",NULL
2069,25627,"-31.952240000000003, 115.861397",Western Australia
2070,25636,"52.481138, 1.7534490000000003",England
2071,25639,"-38.136848, 176.249746",Bay of Plenty
2072,25643,"51.479721999999995, -3.706111",Cymru / Wales
2073,25647,"36.416505, -6.14611",Andalucía
2074,25662,"51.842481, 4.694183",Zuid-Holland
2075,25667,"35.443708, 139.638026",NULL
2076,25668,"-16.92304, 145.766251",Queensland
2077,25670,"33.888628999999995, 35.495478999999996",محافظة بيروت
2078,25679,"52.583332999999996, -0.25",England
2079,25687,"53.032812, -7.298792999999999",NULL
2080,25688,"-26.484478999999997, 29.223360999999997",Mpumalanga
2081,25704,"0.0, 0.0",NULL
2082,25707,"53.258680000000005, -2.518132",England
2083,25727,"45.661124, 9.152425",Lombardia
2084,25741,"-41.438759000000005, 147.134674",Tasmania
2085,25743,"0.0, 0.0",NULL
2086,25765,"53.166667000000004, -2.583333",England
2087,25766,"53.5, -2.2166669999999997",England
2088,25767,"53.333332999999996, -2.75",England
2089,25779,"10.5, -66.916667",Distrito Capital
2090,25783,"64.133333, -21.933332999999998",NULL
2091,25799,"33.509167, 44.234167",محافظة بغداد
2092,25815,"52.95, 0.5",England
2093,25834,"0.0, 0.0",NULL
2094,25838,"0.0, 0.0",NULL
2095,25848,"15.8667, 74.5",Karnataka
2096,25863,"27.472833, 94.911962",NULL
2097,25900,"9.748917, -83.753428",Provincia Cartago
2098,25918,"0.0, 0.0",NULL
2099,25923,"51.883333, -0.516667",England
2100,25924,"0.0, 0.0",NULL
2101,25931,"0.0, 0.0",NULL
2102,25932,"52.583332999999996, -0.25",England
2103,25941,"0.0, 0.0",NULL
2104,25944,"28.380301, -80.80924399999999",Florida
2105,25954,"23.063655999999998, -109.70243799999999",Baja California Sur
2106,25963,"30.900965000000003, 75.857276",Punjab
2107,25995,"33.885963000000004, 35.628685",محافظة جبل لبنان
2108,25998,"51.514125, -0.093689",England
2109,26002,"51.75, -0.333333",England
2110,26004,"52.306084999999996, 4.690704",Noord-Holland
2111,26007,"-2.170998, -79.922359",NULL
2112,26030,"33.396026, -111.70868",Arizona
2113,26031,"-33.924868, 18.424055",Western Cape
2114,26035,"53.816667, -3.05",England
2115,26038,"52.466667, -1.916667",England
2116,26045,"0.0, 0.0",NULL
2117,26052,"-29.85868, 31.02184",KwaZulu-Natal
2118,26059,"0.0, 0.0",NULL
2119,26064,"41.704591, 26.296440999999998",Αποκεντρωμένη Διοίκηση Μακεδονίας - Θράκης
2120,26070,"-33.743189, 150.808191",New South Wales
2121,26078,"-26.394329, 153.090103",Queensland
2122,26087,"-25.282197, -57.6351",NULL
2123,26090,"53.716667, -2.083333",England
2124,26094,"0.0, 0.0",NULL
2125,26099,"55.966667, -4.05",Scotland
2126,26138,"34.70713, 33.022617",NULL
2127,26140,"52.63333299999999, 1.75",England
2128,26143,"12.971599000000001, 77.594563",Karnataka
2129,26144,"12.971599000000001, 77.594563",Karnataka
2130,26152,"14.47931, 121.019823",NULL
2131,26169,"31.768319, 35.21371",מחוז ירושלים
2132,26178,"-41.4717, -72.9369",Región de Los Lagos
2133,26203,"31.668789, 34.574252",מחוז הדרום
2134,26236,"0.0, 0.0",NULL
2135,26270,"51.896892, -8.486316",NULL
2136,26290,"52.794509999999995, -1.62316",England
2137,26320,"0.0, 0.0",NULL
2138,26324,"28.632996000000002, -106.0691",Chihuahua
2139,26326,"52.298666, 5.629619",Gelderland
2140,26327,"0.0, 0.0",NULL
2141,26334,"37.595818, -1.314735",Región de Murcia
2142,26343,"52.785804000000006, 6.897585",Drenthe
2143,26344,"37.595818, -1.314735",Región de Murcia
2144,26371,"39.241485, -9.312951",Centro
2145,26375,"51.514125, -0.093689",England
2146,26403,"18.520429999999998, 73.85674399999999",Maharashtra
2147,26409,"51.514125, -0.093689",England
2148,26412,"55.833332999999996, -3.083333",Scotland
2149,26438,"-25.274398, 133.775136",NULL
2150,26441,"22.572646, 88.363895",West Bengal
2151,26443,"-17.863889, 31.029721999999996",Harare Province
2152,26454,"53.5, -2.2166669999999997",England
2153,26475,"51.433333000000005, -1.0",England
2154,26500,"10.691803, -61.222503",Tunapuna-Piarco
2155,26547,"51.514125, -0.093689",England
2156,26577,"50.833333, 12.916667",Sachsen
2157,26587,"31.768319, 35.21371",מחוז ירושלים
2158,26606,"52.076158, 4.362541",Zuid-Holland
2159,26608,"52.503478, 4.7571699999999995",Noord-Holland
2160,26618,"49.618889, 9.177778",Bayern
2161,26621,"18.787744, 98.993119",จังหวัดเชียงใหม่
2162,26633,"0.0, 0.0",NULL
2163,26636,"0.0, 0.0",NULL
2164,26637,"51.514125, -0.093689",England
2165,26648,"55.95, -3.983333",Scotland
2166,26667,"56.166667000000004, -2.75",Scotland
2167,26668,"-30.200678000000003, 30.78384",KwaZulu-Natal
2168,26685,"40.203315, -8.410257000000001",Centro
2169,26737,"5.41792, 100.32959699999999",Pulau Pinang
2170,26752,"50.93923, 5.16712",Limburg
2171,26784,"43.817071999999996, 125.323544",吉林省
2172,26788,"43.710173, 7.261953",Provence-Alpes-Côte d'Azur
2173,26790,"51.633333, -0.366667",England
2174,26823,"52.97894, -0.026576999999999996",England
2175,26827,"-37.813938, 144.963425",Victoria
2176,26839,"24.466667, 54.36666700000001",أبو ظبي
2177,26872,"-34.833333, 138.48333300000002",South Australia
2178,26891,"-38.016667, 145.166667",Victoria
2179,26899,"52.466667, -1.916667",England
2180,26901,"51.733333, -2.3666669999999996",England
2181,26905,"53.8, -2.233333",England
2182,26906,"0.0, 0.0",NULL
2183,26918,"0.0, 0.0",NULL
2184,26922,"33.888628999999995, 35.495478999999996",محافظة بيروت
2185,26923,"55.833332999999996, -3.083333",Scotland
2186,26926,"57.933333, 14.366667000000001",NULL
2187,26943,"50.833333, -0.15",England
2188,26944,"51.266667, 0.516667",England
2189,26946,"51.35, 0.6",England
2190,26949,"37.566534999999995, 126.97796899999999",NULL
2191,26971,"52.3, -3.016667",Cymru / Wales
2192,26988,"0.0, 0.0",NULL
2193,26995,"-39.492844, 176.912018",NULL
2194,27008,"52.161435, -7.1492949999999995",NULL
2195,27010,"52.85, -0.15",England
2196,27018,"53.248236, -3.13577",Cymru / Wales
2197,27019,"51.994167, -4.696111",Cymru / Wales
2198,27020,"53.5, -2.2166669999999997",England
2199,27021,"52.983332999999995, -0.016666999999999998",England
2200,27033,"53.283333, -3.833333",Cymru / Wales
2201,27063,"54.25, -4.366667",NULL
2202,27077,"35.909444, 14.478610999999999",Ċentrali
2203,27086,"47.531605, 21.627312",NULL
2204,27092,"-34.193765, 18.435665",Western Cape
2205,27121,"0.0, 0.0",NULL
2206,27128,"52.25, -0.883333",England
2207,27129,"60.205491, 24.6559",NULL
2208,27139,"-20.917574, 142.702796",Queensland
2209,27141,"-33.4244, 151.34399399999998",New South Wales
2210,27150,"52.383333, -2.25",England
2211,27152,"53.954115, -1.064262",England
2212,27188,"30.733315, 76.779418",Chandigarh
2213,27212,"49.151784, 5.88585",Grand Est
2214,27270,"52.416667, -1.55",England
2215,27273,"14.613332999999999, -90.535278",Guatemala
2216,27284,"9.066667, 7.483333",Federal Capital Territory
2217,27289,"39.02001, 1.482148",Illes Balears
2218,27290,"51.083333, 1.183333",England
2219,27301,"33.888628999999995, 35.495478999999996",محافظة بيروت
2220,27348,"-34.603722999999995, -58.381593",NULL
2221,27366,"54.095, -0.208056",England
2222,27384,"-22.9083, -43.197077",Rio de Janeiro
2223,27396,"0.0, 0.0",NULL
2224,27406,"55.548638000000004, 12.023798",Region Sjælland
2225,27415,"0.0, 0.0",NULL
2226,27424,"56.490671, -4.202646",Scotland
2227,27434,"0.0, 0.0",NULL
2228,27450,"35.775664, 139.80447900000001",NULL
2229,27473,"0.0, 0.0",NULL
2230,27475,"52.198221999999994, 8.583233",Nordrhein-Westfalen
2231,27477,"0.0, 0.0",NULL
2232,27480,"51.514125, -0.093689",England
2233,27482,"52.966667, -1.166667",England
2234,27493,"52.514382, 4.964061",Noord-Holland
2235,27496,"25.357522, 55.391865",NULL
2236,27505,"19.075984, 72.877656",Maharashtra
2237,27514,"53.782164, -2.8717650000000003",England
2238,27516,"-36.848459999999996, 174.76333200000002",Auckland
2239,27521,"0.0, 0.0",NULL
2240,27524,"21.195, 72.81944399999999",Gujarat
2241,27541,"12.971599000000001, 77.594563",Karnataka
2242,27542,"52.45, -2.05",England
2243,27546,"55.86666700000001, -3.683333",Scotland
2244,27547,"19.432608, -99.133208",NULL
2245,27549,"30.733315, 76.779418",Chandigarh
2246,27558,"51.433333000000005, -1.0",England
2247,27560,"51.0, -3.183333",England
2248,27562,"53.202661, -3.030351",Cymru / Wales
2249,27603,"0.0, 0.0",NULL
